model,transform,regularization,train_accuracy,val_accuracy,test_accuracy,train_precision,val_precision,test_precision,train_recall,val_recall,test_recall,train_f1,val_f1,test_f1,history
Logistic Regression,No Transform,0.001,0.8099688473520249,0.8115942028985508,0.782608695652174,0.7720588235294118,0.8021978021978022,0.7731958762886598,0.9156976744186046,0.9012345679012346,0.9036144578313253,0.8377659574468085,0.8488372093023255,0.8333333333333334,
Logistic Regression,No Transform,0.01,0.8442367601246106,0.8623188405797102,0.8478260869565217,0.844632768361582,0.8974358974358975,0.8974358974358975,0.8691860465116279,0.8641975308641975,0.8433734939759037,0.8567335243553008,0.8805031446540881,0.8695652173913043,
Logistic Regression,No Transform,0.1,0.8598130841121495,0.8695652173913043,0.8768115942028986,0.8567415730337079,0.9090909090909091,0.9230769230769231,0.8866279069767442,0.8641975308641975,0.8674698795180723,0.8714285714285714,0.8860759493670886,0.8944099378881988,
Logistic Regression,No Transform,1.0,0.8644859813084113,0.8768115942028986,0.8913043478260869,0.8640226628895185,0.9210526315789473,0.925,0.8866279069767442,0.8641975308641975,0.891566265060241,0.8751793400286944,0.89171974522293,0.9079754601226994,
Logistic Regression,No Transform,10.0,0.8613707165109035,0.8695652173913043,0.8913043478260869,0.8591549295774648,0.9090909090909091,0.925,0.8866279069767442,0.8641975308641975,0.891566265060241,0.8726752503576538,0.8860759493670886,0.9079754601226994,
Logistic Regression,No Transform,100.0,0.8613707165109035,0.8695652173913043,0.8913043478260869,0.8591549295774648,0.9090909090909091,0.925,0.8866279069767442,0.8641975308641975,0.891566265060241,0.8726752503576538,0.8860759493670886,0.9079754601226994,
Logistic Regression,Polynomial Degree 2,0.001,0.8442367601246106,0.8623188405797102,0.8405797101449275,0.840782122905028,0.8875,0.8588235294117647,0.875,0.8765432098765432,0.8795180722891566,0.8575498575498576,0.8819875776397516,0.8690476190476191,
Logistic Regression,Polynomial Degree 2,0.01,0.8753894080996885,0.8768115942028986,0.8840579710144928,0.875,0.9102564102564102,0.9135802469135802,0.8953488372093024,0.8765432098765432,0.891566265060241,0.8850574712643678,0.8930817610062893,0.9024390243902439,
Logistic Regression,Polynomial Degree 2,0.1,0.8925233644859814,0.8985507246376812,0.8913043478260869,0.8895184135977338,0.9240506329113924,0.9047619047619048,0.9127906976744186,0.9012345679012346,0.9156626506024096,0.9010043041606887,0.9125,0.9101796407185628,
Logistic Regression,Polynomial Degree 2,1.0,0.9049844236760125,0.9130434782608695,0.8768115942028986,0.9008498583569405,0.948051948051948,0.9024390243902439,0.9244186046511628,0.9012345679012346,0.891566265060241,0.9124820659971306,0.9240506329113924,0.896969696969697,
Logistic Regression,Polynomial Degree 2,10.0,0.9127725856697819,0.8913043478260869,0.8405797101449275,0.9090909090909091,0.9459459459459459,0.8765432098765432,0.9302325581395349,0.8641975308641975,0.8554216867469879,0.9195402298850575,0.9032258064516129,0.8658536585365854,
Logistic Regression,Polynomial Degree 2,100.0,0.9143302180685359,0.8405797101449275,0.8405797101449275,0.9164265129682997,0.8933333333333333,0.8765432098765432,0.9244186046511628,0.8271604938271605,0.8554216867469879,0.9204052098408104,0.8589743589743589,0.8658536585365854,
Logistic Regression,Polynomial Degree 3,0.001,0.8691588785046729,0.8695652173913043,0.8768115942028986,0.877906976744186,0.92,0.9342105263157895,0.877906976744186,0.8518518518518519,0.8554216867469879,0.877906976744186,0.8846153846153846,0.8930817610062893,
Logistic Regression,Polynomial Degree 3,0.01,0.9096573208722741,0.8913043478260869,0.8840579710144928,0.9109195402298851,0.9230769230769231,0.9240506329113924,0.9215116279069767,0.8888888888888888,0.8795180722891566,0.9161849710982659,0.9056603773584906,0.9012345679012346,
Logistic Regression,Polynomial Degree 3,0.1,0.9392523364485982,0.8840579710144928,0.8695652173913043,0.9446064139941691,0.9113924050632911,0.922077922077922,0.9418604651162791,0.8888888888888888,0.8554216867469879,0.9432314410480349,0.9,0.8875,
Logistic Regression,Polynomial Degree 3,1.0,0.9813084112149533,0.855072463768116,0.8623188405797102,0.9770114942528736,0.8860759493670886,0.9324324324324325,0.9883720930232558,0.8641975308641975,0.8313253012048193,0.9826589595375722,0.875,0.8789808917197452,
Logistic Regression,Polynomial Degree 3,10.0,1.0,0.8115942028985508,0.8188405797101449,1.0,0.8571428571428571,0.881578947368421,1.0,0.8148148148148148,0.8072289156626506,1.0,0.8354430379746836,0.8427672955974843,
Logistic Regression,Polynomial Degree 3,100.0,1.0,0.8043478260869565,0.8188405797101449,1.0,0.8552631578947368,0.8717948717948718,1.0,0.8024691358024691,0.8192771084337349,1.0,0.8280254777070064,0.84472049689441,
Logistic Regression,PCA,0.001,0.8068535825545171,0.8115942028985508,0.782608695652174,0.7696078431372549,0.8021978021978022,0.7731958762886598,0.9127906976744186,0.9012345679012346,0.9036144578313253,0.8351063829787234,0.8488372093023255,0.8333333333333334,
Logistic Regression,PCA,0.01,0.838006230529595,0.8623188405797102,0.8478260869565217,0.8370786516853933,0.8974358974358975,0.8974358974358975,0.8662790697674418,0.8641975308641975,0.8433734939759037,0.8514285714285714,0.8805031446540881,0.8695652173913043,
Logistic Regression,PCA,0.1,0.8489096573208723,0.8623188405797102,0.8623188405797102,0.8498583569405099,0.9078947368421053,0.9102564102564102,0.872093023255814,0.8518518518518519,0.8554216867469879,0.860832137733142,0.8789808917197452,0.8819875776397516,
Logistic Regression,PCA,1.0,0.8613707165109035,0.855072463768116,0.8695652173913043,0.8611898016997167,0.9066666666666666,0.922077922077922,0.8837209302325582,0.8395061728395061,0.8554216867469879,0.8723098995695839,0.8717948717948718,0.8875,
Logistic Regression,PCA,10.0,0.8598130841121495,0.8478260869565217,0.8768115942028986,0.8607954545454546,0.8947368421052632,0.9230769230769231,0.8808139534883721,0.8395061728395061,0.8674698795180723,0.8706896551724138,0.8662420382165605,0.8944099378881988,
Logistic Regression,PCA,100.0,0.8613707165109035,0.8478260869565217,0.8768115942028986,0.8611898016997167,0.8947368421052632,0.9230769230769231,0.8837209302325582,0.8395061728395061,0.8674698795180723,0.8723098995695839,0.8662420382165605,0.8944099378881988,
SVM,Linear Kernel,0.001,0.8286604361370716,0.8188405797101449,0.8333333333333334,0.8145161290322581,0.8333333333333334,0.8658536585365854,0.8808139534883721,0.8641975308641975,0.8554216867469879,0.8463687150837989,0.8484848484848485,0.8606060606060606,
SVM,Linear Kernel,0.01,0.8489096573208723,0.8478260869565217,0.8695652173913043,0.8328840970350404,0.8947368421052632,0.891566265060241,0.8982558139534884,0.8395061728395061,0.891566265060241,0.8643356643356643,0.8662420382165605,0.891566265060241,
SVM,Linear Kernel,0.1,0.8566978193146417,0.8478260869565217,0.8768115942028986,0.8461538461538461,0.9054054054054054,0.9024390243902439,0.8953488372093024,0.8271604938271605,0.891566265060241,0.8700564971751412,0.864516129032258,0.896969696969697,
SVM,Linear Kernel,1.0,0.8629283489096573,0.855072463768116,0.8913043478260869,0.8575418994413407,0.9178082191780822,0.925,0.8924418604651163,0.8271604938271605,0.891566265060241,0.8746438746438746,0.8701298701298701,0.9079754601226994,
SVM,Linear Kernel,10.0,0.8582554517133957,0.8623188405797102,0.8913043478260869,0.8583569405099151,0.918918918918919,0.925,0.8808139534883721,0.8395061728395061,0.891566265060241,0.8694404591104734,0.8774193548387097,0.9079754601226994,
SVM,Linear Kernel,100.0,0.8598130841121495,0.855072463768116,0.8913043478260869,0.8587570621468926,0.9066666666666666,0.925,0.8837209302325582,0.8395061728395061,0.891566265060241,0.8710601719197708,0.8717948717948718,0.9079754601226994,
SVM,Polynomial Degree 2,0.001,0.5358255451713395,0.5869565217391305,0.6014492753623188,0.5358255451713395,0.5869565217391305,0.6014492753623188,1.0,1.0,1.0,0.6977687626774848,0.7397260273972602,0.751131221719457,
SVM,Polynomial Degree 2,0.01,0.6526479750778816,0.6739130434782609,0.6884057971014492,0.6078431372549019,0.6451612903225806,0.6612903225806451,0.9912790697674418,0.9876543209876543,0.9879518072289156,0.7535911602209945,0.7804878048780488,0.7922705314009661,
SVM,Polynomial Degree 2,0.1,0.8691588785046729,0.8768115942028986,0.8623188405797102,0.8757225433526011,0.9102564102564102,0.9,0.8808139534883721,0.8765432098765432,0.8674698795180723,0.8782608695652174,0.8930817610062893,0.8834355828220859,
SVM,Polynomial Degree 2,1.0,0.8862928348909658,0.855072463768116,0.8840579710144928,0.8753462603878116,0.9066666666666666,0.9036144578313253,0.9186046511627907,0.8395061728395061,0.9036144578313253,0.8964539007092198,0.8717948717948718,0.9036144578313253,
SVM,Polynomial Degree 2,10.0,0.9018691588785047,0.8985507246376812,0.8623188405797102,0.8935574229691877,0.935064935064935,0.872093023255814,0.9273255813953488,0.8888888888888888,0.9036144578313253,0.9101283880171184,0.9113924050632911,0.8875739644970414,
SVM,Polynomial Degree 2,100.0,0.9127725856697819,0.8913043478260869,0.8405797101449275,0.9090909090909091,0.9342105263157895,0.8765432098765432,0.9302325581395349,0.8765432098765432,0.8554216867469879,0.9195402298850575,0.9044585987261147,0.8658536585365854,
SVM,PCA,0.001,0.8255451713395638,0.8188405797101449,0.8260869565217391,0.8101604278074866,0.8333333333333334,0.8554216867469879,0.8808139534883721,0.8641975308641975,0.8554216867469879,0.8440111420612814,0.8484848484848485,0.8554216867469879,
SVM,PCA,0.01,0.8489096573208723,0.8405797101449275,0.8623188405797102,0.8328840970350404,0.8831168831168831,0.8809523809523809,0.8982558139534884,0.8395061728395061,0.891566265060241,0.8643356643356643,0.8607594936708861,0.8862275449101796,
SVM,PCA,0.1,0.8520249221183801,0.8478260869565217,0.855072463768116,0.8337801608579088,0.9054054054054054,0.8795180722891566,0.9040697674418605,0.8271604938271605,0.8795180722891566,0.8675034867503487,0.864516129032258,0.8795180722891566,
SVM,PCA,1.0,0.8644859813084113,0.8478260869565217,0.8623188405797102,0.8501362397820164,0.8947368421052632,0.8902439024390244,0.9069767441860465,0.8395061728395061,0.8795180722891566,0.8776371308016878,0.8662420382165605,0.8848484848484849,
SVM,PCA,10.0,0.8613707165109035,0.8478260869565217,0.8623188405797102,0.8474114441416893,0.8947368421052632,0.8902439024390244,0.9040697674418605,0.8395061728395061,0.8795180722891566,0.8748241912798875,0.8662420382165605,0.8848484848484849,
SVM,PCA,100.0,0.8613707165109035,0.8478260869565217,0.8623188405797102,0.8474114441416893,0.8947368421052632,0.8902439024390244,0.9040697674418605,0.8395061728395061,0.8795180722891566,0.8748241912798875,0.8662420382165605,0.8848484848484849,
SVM,RBF Kernel,0.001,0.5358255451713395,0.5869565217391305,0.6014492753623188,0.5358255451713395,0.5869565217391305,0.6014492753623188,1.0,1.0,1.0,0.6977687626774848,0.7397260273972602,0.751131221719457,
SVM,RBF Kernel,0.01,0.573208722741433,0.6231884057971014,0.6159420289855072,0.5566343042071198,0.6090225563909775,0.6102941176470589,1.0,1.0,1.0,0.7151767151767152,0.7570093457943925,0.7579908675799086,
SVM,RBF Kernel,0.1,0.8566978193146417,0.855072463768116,0.855072463768116,0.8368983957219251,0.8505747126436781,0.8539325842696629,0.9098837209302325,0.9135802469135802,0.9156626506024096,0.871866295264624,0.8809523809523809,0.8837209302325582,
SVM,RBF Kernel,1.0,0.897196261682243,0.8623188405797102,0.8623188405797102,0.888268156424581,0.8974358974358975,0.8809523809523809,0.9244186046511628,0.8641975308641975,0.891566265060241,0.905982905982906,0.8805031446540881,0.8862275449101796,
SVM,RBF Kernel,10.0,0.9501557632398754,0.855072463768116,0.855072463768116,0.9534883720930233,0.9066666666666666,0.9090909090909091,0.9534883720930233,0.8395061728395061,0.8433734939759037,0.9534883720930233,0.8717948717948718,0.875,
SVM,RBF Kernel,100.0,0.9922118380062306,0.8043478260869565,0.8333333333333334,0.991304347826087,0.8375,0.875,0.9941860465116279,0.8271604938271605,0.8433734939759037,0.9927431059506531,0.8322981366459627,0.8588957055214724,
Neural Network,NN_16,0.0,0.8909657597541809,0.8768116235733032,0.8695651888847351,0.8870056497175142,0.9,0.9012345679012346,0.9127906976744186,0.8888888888888888,0.8795180722891566,0.8997134670487106,0.8944099378881988,0.8902439024390244,"{'accuracy': [0.6604361534118652, 0.7149532437324524, 0.7429906725883484, 0.767912745475769, 0.7881619930267334, 0.8021807074546814, 0.8084112405776978, 0.8130841255187988, 0.8193146586418152, 0.8255451917648315, 0.8302180767059326, 0.8333333134651184, 0.8380062580108643, 0.8395638465881348, 0.8426791429519653, 0.8457943797111511, 0.8426791429519653, 0.8426791429519653, 0.8426791429519653, 0.8426791429519653, 0.8426791429519653, 0.8442367315292358, 0.8473520278930664, 0.8504672646522522, 0.8504672646522522, 0.8504672646522522, 0.8520249128341675, 0.8520249128341675, 0.8520249128341675, 0.8520249128341675, 0.8535825610160828, 0.855140209197998, 0.8566977977752686, 0.8582554459571838, 0.8598130941390991, 0.8613707423210144, 0.8660436272621155, 0.8644859790802002, 0.8644859790802002, 0.8644859790802002, 0.8644859790802002, 0.8676012754440308, 0.8660436272621155, 0.8660436272621155, 0.8660436272621155, 0.8676012754440308, 0.8676012754440308, 0.8676012754440308, 0.8691588640213013, 0.8707165122032166, 0.8707165122032166, 0.8707165122032166, 0.8707165122032166, 0.8722741603851318, 0.8722741603851318, 0.8753893971443176, 0.8753893971443176, 0.8753893971443176, 0.8753893971443176, 0.8753893971443176, 0.8753893971443176, 0.8753893971443176, 0.8753893971443176, 0.8753893971443176, 0.8769470453262329, 0.8785046935081482, 0.8800622820854187, 0.881619930267334, 0.8831775784492493, 0.8831775784492493, 0.881619930267334, 0.881619930267334, 0.881619930267334, 0.881619930267334, 0.881619930267334, 0.8831775784492493, 0.8831775784492493, 0.8847352266311646, 0.8847352266311646, 0.8847352266311646, 0.8847352266311646, 0.8862928152084351, 0.8878504633903503, 0.8878504633903503, 0.8878504633903503, 0.8878504633903503, 0.8878504633903503, 0.8878504633903503, 0.8878504633903503, 0.8878504633903503, 0.8878504633903503, 0.8894081115722656, 0.8894081115722656, 0.8894081115722656, 0.8894081115722656, 0.8909657597541809, 0.8909657597541809, 0.8909657597541809, 0.8909657597541809, 0.8909657597541809], 'loss': [0.6401569843292236, 0.5895853042602539, 0.5534439086914062, 0.5242316722869873, 0.5000247955322266, 0.47933003306388855, 0.46144381165504456, 0.4461086690425873, 0.43293482065200806, 0.42133596539497375, 0.4113190472126007, 0.40267977118492126, 0.39520856738090515, 0.38852497935295105, 0.3825686573982239, 0.37734001874923706, 0.3726509213447571, 0.3684515058994293, 0.36460068821907043, 0.3610168397426605, 0.3578236699104309, 0.3549268841743469, 0.35225600004196167, 0.34969374537467957, 0.34723809361457825, 0.3449767529964447, 0.3428320288658142, 0.34079983830451965, 0.3388602137565613, 0.33703291416168213, 0.33533528447151184, 0.33362576365470886, 0.3320712149143219, 0.33055901527404785, 0.32906994223594666, 0.32765626907348633, 0.32620444893836975, 0.32480788230895996, 0.3234471380710602, 0.32213494181632996, 0.3208390772342682, 0.3195560872554779, 0.31831446290016174, 0.3171232342720032, 0.3159361481666565, 0.31474363803863525, 0.3136301636695862, 0.31244271993637085, 0.31137484312057495, 0.31023237109184265, 0.3091610074043274, 0.30810680985450745, 0.30707821249961853, 0.3060667812824249, 0.30511772632598877, 0.3041650056838989, 0.3031904399394989, 0.3022804856300354, 0.301329106092453, 0.30041196942329407, 0.2995738685131073, 0.2986912727355957, 0.2979311943054199, 0.29705730080604553, 0.2962559163570404, 0.29545462131500244, 0.2947272062301636, 0.2940037250518799, 0.29327112436294556, 0.2926192879676819, 0.2918994724750519, 0.29125961661338806, 0.29058805108070374, 0.2899538278579712, 0.2892940044403076, 0.28869396448135376, 0.2881031334400177, 0.2874453663825989, 0.2869133949279785, 0.28631043434143066, 0.2857986092567444, 0.2851601541042328, 0.28465333580970764, 0.2840302884578705, 0.283438503742218, 0.2828829884529114, 0.2823213040828705, 0.2817508280277252, 0.28117436170578003, 0.28071117401123047, 0.28018924593925476, 0.27967050671577454, 0.2791892886161804, 0.2787120044231415, 0.2782095670700073, 0.27768564224243164, 0.27714085578918457, 0.2766423225402832, 0.2761091887950897, 0.2756640613079071], 'val_accuracy': [0.7318840622901917, 0.760869562625885, 0.7898550629615784, 0.804347813129425, 0.8115941882133484, 0.804347813129425, 0.7971014380455017, 0.7971014380455017, 0.7898550629615784, 0.804347813129425, 0.8188405632972717, 0.8333333134651184, 0.8333333134651184, 0.8333333134651184, 0.8333333134651184, 0.8333333134651184, 0.8405796885490417, 0.8478260636329651, 0.8478260636329651, 0.8478260636329651, 0.8405796885490417, 0.8478260636329651, 0.8478260636329651, 0.8478260636329651, 0.8478260636329651, 0.8478260636329651, 0.8478260636329651, 0.8478260636329651, 0.8478260636329651, 0.8478260636329651, 0.8478260636329651, 0.8478260636329651, 0.8478260636329651, 0.8478260636329651, 0.8478260636329651, 0.8478260636329651, 0.8478260636329651, 0.8478260636329651, 0.8478260636329651, 0.8478260636329651, 0.8478260636329651, 0.8550724387168884, 0.8550724387168884, 0.8550724387168884, 0.8550724387168884, 0.8550724387168884, 0.8550724387168884, 0.8478260636329651, 0.8478260636329651, 0.8478260636329651, 0.8478260636329651, 0.8478260636329651, 0.8478260636329651, 0.8478260636329651, 0.8478260636329651, 0.8478260636329651, 0.8478260636329651, 0.8478260636329651, 0.8550724387168884, 0.8550724387168884, 0.8550724387168884, 0.8550724387168884, 0.8550724387168884, 0.8478260636329651, 0.8478260636329651, 0.8623188138008118, 0.8623188138008118, 0.8623188138008118, 0.8623188138008118, 0.8623188138008118, 0.8623188138008118, 0.8623188138008118, 0.8623188138008118, 0.8623188138008118, 0.8623188138008118, 0.8623188138008118, 0.8623188138008118, 0.8623188138008118, 0.8623188138008118, 0.8623188138008118, 0.8623188138008118, 0.8623188138008118, 0.8623188138008118, 0.8623188138008118, 0.8623188138008118, 0.8695651888847351, 0.8695651888847351, 0.8695651888847351, 0.8695651888847351, 0.8695651888847351, 0.8695651888847351, 0.8695651888847351, 0.8768116235733032, 0.8695651888847351, 0.8768116235733032, 0.8768116235733032, 0.8768116235733032, 0.8768116235733032, 0.8768116235733032, 0.8768116235733032], 'val_loss': [0.6051456332206726, 0.5587418079376221, 0.5231092572212219, 0.49440687894821167, 0.4714265763759613, 0.4525793194770813, 0.43682923913002014, 0.42356547713279724, 0.4124731123447418, 0.40318766236305237, 0.39595869183540344, 0.3906364142894745, 0.3859715163707733, 0.3815557062625885, 0.37822383642196655, 0.3752446472644806, 0.3725089430809021, 0.37010908126831055, 0.3677412271499634, 0.3661634027957916, 0.3646898567676544, 0.36333873867988586, 0.3618764579296112, 0.3603675067424774, 0.3588631749153137, 0.3576565682888031, 0.35661640763282776, 0.3554425835609436, 0.3542996942996979, 0.35331717133522034, 0.3522852659225464, 0.35140594840049744, 0.35020771622657776, 0.34905165433883667, 0.3482595980167389, 0.34718769788742065, 0.34620019793510437, 0.3454832136631012, 0.3446057438850403, 0.3437655568122864, 0.3428455591201782, 0.342096745967865, 0.34148722887039185, 0.34068796038627625, 0.3398142457008362, 0.33904269337654114, 0.33802470564842224, 0.33746328949928284, 0.33649155497550964, 0.33569613099098206, 0.33498796820640564, 0.3341139256954193, 0.33340591192245483, 0.3329063355922699, 0.3321041762828827, 0.33132416009902954, 0.3308042287826538, 0.33023548126220703, 0.3297330439090729, 0.3291601836681366, 0.32869717478752136, 0.3283880949020386, 0.3276848793029785, 0.3271622359752655, 0.3263472318649292, 0.3257535696029663, 0.32547488808631897, 0.32486364245414734, 0.3245205581188202, 0.3239785134792328, 0.3236630856990814, 0.3233962059020996, 0.32302772998809814, 0.32271307706832886, 0.32238292694091797, 0.322207510471344, 0.3217970132827759, 0.32159775495529175, 0.32124951481819153, 0.32120853662490845, 0.3206750154495239, 0.3203364312648773, 0.3198407292366028, 0.3195722699165344, 0.3193162977695465, 0.3189334571361542, 0.31838974356651306, 0.31807100772857666, 0.3179659843444824, 0.3175875246524811, 0.3170955181121826, 0.31683042645454407, 0.3165287375450134, 0.3164603114128113, 0.3159593641757965, 0.31555166840553284, 0.31541329622268677, 0.3154693841934204, 0.3152904510498047, 0.31495699286460876]}"
Neural Network,NN_16,0.0001,0.895638644695282,0.8623188138008118,0.8840579986572266,0.8879551820728291,0.8974358974358975,0.9135802469135802,0.9215116279069767,0.8641975308641975,0.891566265060241,0.9044222539229672,0.8805031446540881,0.9024390243902439,"{'accuracy': [0.7071651220321655, 0.7881619930267334, 0.8130841255187988, 0.8208722472190857, 0.8255451917648315, 0.8302180767059326, 0.8348909616470337, 0.8395638465881348, 0.8395638465881348, 0.8442367315292358, 0.8457943797111511, 0.8504672646522522, 0.8520249128341675, 0.8582554459571838, 0.8598130941390991, 0.8598130941390991, 0.8613707423210144, 0.8582554459571838, 0.8598130941390991, 0.8598130941390991, 0.8629283308982849, 0.8644859790802002, 0.8644859790802002, 0.8676012754440308, 0.8691588640213013, 0.8707165122032166, 0.8691588640213013, 0.8707165122032166, 0.8707165122032166, 0.8722741603851318, 0.8707165122032166, 0.8722741603851318, 0.8738317489624023, 0.8753893971443176, 0.8769470453262329, 0.8785046935081482, 0.8800622820854187, 0.8800622820854187, 0.8800622820854187, 0.8800622820854187, 0.8800622820854187, 0.8800622820854187, 0.881619930267334, 0.8831775784492493, 0.881619930267334, 0.881619930267334, 0.8831775784492493, 0.881619930267334, 0.8800622820854187, 0.8831775784492493, 0.881619930267334, 0.8831775784492493, 0.8831775784492493, 0.881619930267334, 0.8831775784492493, 0.8831775784492493, 0.881619930267334, 0.881619930267334, 0.8831775784492493, 0.8831775784492493, 0.8831775784492493, 0.8831775784492493, 0.8847352266311646, 0.8847352266311646, 0.8862928152084351, 0.8894081115722656, 0.8894081115722656, 0.8894081115722656, 0.8894081115722656, 0.8894081115722656, 0.8894081115722656, 0.8878504633903503, 0.8894081115722656, 0.8878504633903503, 0.8878504633903503, 0.8894081115722656, 0.8878504633903503, 0.8878504633903503, 0.8878504633903503, 0.8894081115722656, 0.8909657597541809, 0.8940809965133667, 0.895638644695282, 0.8925233483314514, 0.8925233483314514, 0.8925233483314514, 0.8925233483314514, 0.8940809965133667, 0.8940809965133667, 0.895638644695282, 0.895638644695282, 0.895638644695282, 0.895638644695282, 0.895638644695282, 0.895638644695282, 0.895638644695282, 0.895638644695282, 0.895638644695282, 0.895638644695282, 0.895638644695282], 'loss': [0.5888749957084656, 0.525362491607666, 0.4846644401550293, 0.4560927748680115, 0.4353477954864502, 0.41965192556381226, 0.4071595370769501, 0.3971492052078247, 0.3892127573490143, 0.3826421797275543, 0.376910001039505, 0.3717708885669708, 0.36722734570503235, 0.36322614550590515, 0.3595852255821228, 0.3562712073326111, 0.35317280888557434, 0.3501560389995575, 0.3473455011844635, 0.3446657061576843, 0.34222087264060974, 0.3398812413215637, 0.33767926692962646, 0.33561915159225464, 0.3336944282054901, 0.3318606913089752, 0.330121248960495, 0.328446626663208, 0.3269082307815552, 0.3252648711204529, 0.32375800609588623, 0.32224366068840027, 0.32083967328071594, 0.3194273114204407, 0.31811025738716125, 0.31686997413635254, 0.3156737685203552, 0.31444859504699707, 0.3133799135684967, 0.31221190094947815, 0.3111972510814667, 0.31011539697647095, 0.30910301208496094, 0.3080251216888428, 0.3069532513618469, 0.30583158135414124, 0.3048328161239624, 0.30388930439949036, 0.3028753399848938, 0.30182352662086487, 0.30086496472358704, 0.3000163435935974, 0.2990589439868927, 0.29816490411758423, 0.2973126173019409, 0.29642364382743835, 0.29559871554374695, 0.29489612579345703, 0.2940863370895386, 0.29329758882522583, 0.2926698923110962, 0.2919098436832428, 0.29119211435317993, 0.29051005840301514, 0.2898314297199249, 0.28915080428123474, 0.28856757283210754, 0.2878721356391907, 0.2873344421386719, 0.2867330312728882, 0.28609639406204224, 0.2855113446712494, 0.2849307060241699, 0.2843858003616333, 0.2838061451911926, 0.283221572637558, 0.28272193670272827, 0.28209298849105835, 0.28145191073417664, 0.28088685870170593, 0.2803041338920593, 0.27969375252723694, 0.27922847867012024, 0.2787186801433563, 0.27812460064888, 0.2775900661945343, 0.2771935760974884, 0.2766464352607727, 0.27613571286201477, 0.27570608258247375, 0.2752513587474823, 0.27478617429733276, 0.27434077858924866, 0.2738420367240906, 0.2734881043434143, 0.2730042040348053, 0.27256155014038086, 0.27215686440467834, 0.2717377543449402, 0.27127373218536377], 'val_accuracy': [0.7753623127937317, 0.8115941882133484, 0.8188405632972717, 0.8333333134651184, 0.8260869383811951, 0.8405796885490417, 0.8405796885490417, 0.8405796885490417, 0.8405796885490417, 0.8405796885490417, 0.8405796885490417, 0.8405796885490417, 0.8405796885490417, 0.8405796885490417, 0.8405796885490417, 0.8405796885490417, 0.8405796885490417, 0.8405796885490417, 0.8405796885490417, 0.8405796885490417, 0.8405796885490417, 0.8405796885490417, 0.8405796885490417, 0.8405796885490417, 0.8405796885490417, 0.8405796885490417, 0.8405796885490417, 0.8405796885490417, 0.8478260636329651, 0.8550724387168884, 0.8550724387168884, 0.8550724387168884, 0.8550724387168884, 0.8550724387168884, 0.8550724387168884, 0.8550724387168884, 0.8623188138008118, 0.8623188138008118, 0.8623188138008118, 0.8623188138008118, 0.8623188138008118, 0.8695651888847351, 0.8695651888847351, 0.8695651888847351, 0.8695651888847351, 0.8695651888847351, 0.8695651888847351, 0.8695651888847351, 0.8695651888847351, 0.8768116235733032, 0.8695651888847351, 0.8695651888847351, 0.8695651888847351, 0.8695651888847351, 0.8695651888847351, 0.8695651888847351, 0.8695651888847351, 0.8695651888847351, 0.8695651888847351, 0.8695651888847351, 0.8695651888847351, 0.8623188138008118, 0.8623188138008118, 0.8695651888847351, 0.8623188138008118, 0.8623188138008118, 0.8695651888847351, 0.8695651888847351, 0.8695651888847351, 0.8695651888847351, 0.8695651888847351, 0.8695651888847351, 0.8695651888847351, 0.8695651888847351, 0.8695651888847351, 0.8695651888847351, 0.8695651888847351, 0.8695651888847351, 0.8695651888847351, 0.8695651888847351, 0.8695651888847351, 0.8695651888847351, 0.8695651888847351, 0.8695651888847351, 0.8623188138008118, 0.8623188138008118, 0.8623188138008118, 0.8695651888847351, 0.8623188138008118, 0.8623188138008118, 0.8695651888847351, 0.8695651888847351, 0.8695651888847351, 0.8695651888847351, 0.8695651888847351, 0.8695651888847351, 0.8695651888847351, 0.8623188138008118, 0.8623188138008118, 0.8623188138008118], 'val_loss': [0.5361469984054565, 0.49250367283821106, 0.4615492820739746, 0.4385194182395935, 0.4216238856315613, 0.40890857577323914, 0.39887118339538574, 0.3911954462528229, 0.3853060007095337, 0.3802880644798279, 0.3761068284511566, 0.3728587329387665, 0.37001001834869385, 0.3676636219024658, 0.36565011739730835, 0.36371612548828125, 0.3618354797363281, 0.3599254786968231, 0.3579636216163635, 0.356397807598114, 0.3546084761619568, 0.35314860939979553, 0.3517480790615082, 0.35030052065849304, 0.3490125238895416, 0.34769684076309204, 0.3464305102825165, 0.3453068733215332, 0.3438110947608948, 0.3426568806171417, 0.3413218855857849, 0.3402274549007416, 0.3389568626880646, 0.3380001485347748, 0.3372580409049988, 0.3364143967628479, 0.3353703022003174, 0.33493733406066895, 0.3339351415634155, 0.33342254161834717, 0.33253762125968933, 0.3318187892436981, 0.33112406730651855, 0.33054104447364807, 0.32917270064353943, 0.32836586236953735, 0.3276425898075104, 0.32679787278175354, 0.32562685012817383, 0.3249363899230957, 0.3245903253555298, 0.3236009478569031, 0.3227156400680542, 0.3218770921230316, 0.32097017765045166, 0.32035550475120544, 0.31997957825660706, 0.3192663788795471, 0.318386971950531, 0.31790342926979065, 0.31728631258010864, 0.31668147444725037, 0.3163118362426758, 0.31569233536720276, 0.3151632249355316, 0.31497305631637573, 0.3142906427383423, 0.3140503466129303, 0.3138498365879059, 0.3133545219898224, 0.3130853772163391, 0.31286105513572693, 0.3128244876861572, 0.3122750222682953, 0.312122642993927, 0.31224048137664795, 0.31168919801712036, 0.31137630343437195, 0.3109164237976074, 0.31072238087654114, 0.30999672412872314, 0.3100607097148895, 0.3094192147254944, 0.3088955581188202, 0.3085425794124603, 0.30823612213134766, 0.3079008162021637, 0.3072429597377777, 0.3072082996368408, 0.3068193793296814, 0.30656927824020386, 0.30626335740089417, 0.30603671073913574, 0.30592402815818787, 0.3055952787399292, 0.30519023537635803, 0.30520522594451904, 0.30468863248825073, 0.30455484986305237, 0.3041062653064728]}"
Neural Network,NN_16,0.001,0.8769470453262329,0.8623188138008118,0.8768116235733032,0.8711484593837535,0.9078947368421053,0.9230769230769231,0.9040697674418605,0.8518518518518519,0.8674698795180723,0.8873038516405135,0.8789808917197452,0.8944099378881988,"{'accuracy': [0.7912772297859192, 0.8161993622779846, 0.8193146586418152, 0.827102780342102, 0.827102780342102, 0.8286604285240173, 0.8380062580108643, 0.84112149477005, 0.84112149477005, 0.8426791429519653, 0.8426791429519653, 0.8442367315292358, 0.8442367315292358, 0.8426791429519653, 0.84112149477005, 0.8442367315292358, 0.8442367315292358, 0.84112149477005, 0.84112149477005, 0.8442367315292358, 0.8442367315292358, 0.8473520278930664, 0.8473520278930664, 0.8457943797111511, 0.8489096760749817, 0.8520249128341675, 0.8520249128341675, 0.8504672646522522, 0.8520249128341675, 0.8535825610160828, 0.8535825610160828, 0.8566977977752686, 0.8566977977752686, 0.8566977977752686, 0.8566977977752686, 0.8582554459571838, 0.8582554459571838, 0.8598130941390991, 0.8582554459571838, 0.8582554459571838, 0.8582554459571838, 0.8613707423210144, 0.8613707423210144, 0.8644859790802002, 0.8644859790802002, 0.8644859790802002, 0.8660436272621155, 0.8660436272621155, 0.8660436272621155, 0.8660436272621155, 0.8660436272621155, 0.8660436272621155, 0.8691588640213013, 0.8691588640213013, 0.8707165122032166, 0.8722741603851318, 0.8738317489624023, 0.8738317489624023, 0.8738317489624023, 0.8738317489624023, 0.8738317489624023, 0.8738317489624023, 0.8738317489624023, 0.8738317489624023, 0.8738317489624023, 0.8738317489624023, 0.8738317489624023, 0.8738317489624023, 0.8753893971443176, 0.8753893971443176, 0.8738317489624023, 0.8753893971443176, 0.8769470453262329, 0.8769470453262329, 0.8769470453262329, 0.8769470453262329, 0.8785046935081482, 0.8785046935081482, 0.8785046935081482, 0.8785046935081482, 0.8785046935081482, 0.8785046935081482, 0.8785046935081482, 0.8785046935081482, 0.8785046935081482, 0.8785046935081482, 0.8785046935081482, 0.8800622820854187, 0.8800622820854187, 0.8785046935081482, 0.8785046935081482, 0.8785046935081482, 0.8785046935081482, 0.8769470453262329, 0.8769470453262329, 0.8769470453262329, 0.8769470453262329, 0.8769470453262329, 0.8785046935081482, 0.8785046935081482], 'loss': [0.5396653413772583, 0.4993239641189575, 0.47358864545822144, 0.4546167850494385, 0.44014090299606323, 0.42884212732315063, 0.4198121130466461, 0.4124027490615845, 0.40621083974838257, 0.40093058347702026, 0.39632973074913025, 0.3922646641731262, 0.388619065284729, 0.38530653715133667, 0.38233622908592224, 0.3796547055244446, 0.3771553337574005, 0.3748079240322113, 0.37257707118988037, 0.37043458223342896, 0.36838477849960327, 0.3664381802082062, 0.3645876348018646, 0.36282578110694885, 0.3611367344856262, 0.3595266044139862, 0.3580000102519989, 0.3565548360347748, 0.35521671175956726, 0.3539190888404846, 0.3526785671710968, 0.3514779806137085, 0.35034701228141785, 0.34927621483802795, 0.34825748205184937, 0.3473016619682312, 0.34633511304855347, 0.3454807698726654, 0.34459245204925537, 0.3437938094139099, 0.3429989814758301, 0.34222400188446045, 0.3414739668369293, 0.3407500088214874, 0.339924693107605, 0.3392002284526825, 0.3384270966053009, 0.3376447856426239, 0.3368651866912842, 0.33608609437942505, 0.3353584408760071, 0.3346250057220459, 0.33392855525016785, 0.33327966928482056, 0.3325422406196594, 0.3319096565246582, 0.33124032616615295, 0.33072414994239807, 0.33008044958114624, 0.3295227587223053, 0.32901445031166077, 0.32845136523246765, 0.3279893398284912, 0.32739368081092834, 0.32693812251091003, 0.3264048397541046, 0.3258611261844635, 0.3253370523452759, 0.3248036801815033, 0.32430213689804077, 0.3237774968147278, 0.3233298063278198, 0.32282280921936035, 0.3223000764846802, 0.3218221068382263, 0.32134026288986206, 0.320893257856369, 0.3204529285430908, 0.3199978172779083, 0.3194541931152344, 0.31902265548706055, 0.31853288412094116, 0.31800156831741333, 0.3175516128540039, 0.31704774498939514, 0.3164840042591095, 0.31601449847221375, 0.3155328035354614, 0.31500449776649475, 0.31455081701278687, 0.31406882405281067, 0.3136455714702606, 0.31314563751220703, 0.312690407037735, 0.3122948706150055, 0.3118174076080322, 0.31146445870399475, 0.3110414743423462, 0.3106386661529541, 0.3102140724658966], 'val_accuracy': [0.8260869383811951, 0.8405796885490417, 0.8478260636329651, 0.8405796885490417, 0.8405796885490417, 0.8405796885490417, 0.8478260636329651, 0.8478260636329651, 0.8550724387168884, 0.8550724387168884, 0.8550724387168884, 0.8550724387168884, 0.8550724387168884, 0.8550724387168884, 0.8623188138008118, 0.8623188138008118, 0.8550724387168884, 0.8550724387168884, 0.8550724387168884, 0.8550724387168884, 0.8550724387168884, 0.8550724387168884, 0.8550724387168884, 0.8550724387168884, 0.8550724387168884, 0.8550724387168884, 0.8550724387168884, 0.8550724387168884, 0.8550724387168884, 0.8550724387168884, 0.8550724387168884, 0.8550724387168884, 0.8550724387168884, 0.8550724387168884, 0.8623188138008118, 0.8623188138008118, 0.8623188138008118, 0.8623188138008118, 0.8623188138008118, 0.8623188138008118, 0.8695651888847351, 0.8695651888847351, 0.8695651888847351, 0.8695651888847351, 0.8695651888847351, 0.8695651888847351, 0.8695651888847351, 0.8695651888847351, 0.8695651888847351, 0.8695651888847351, 0.8695651888847351, 0.8695651888847351, 0.8695651888847351, 0.8695651888847351, 0.8695651888847351, 0.8695651888847351, 0.8623188138008118, 0.8623188138008118, 0.8623188138008118, 0.8623188138008118, 0.8623188138008118, 0.8623188138008118, 0.8623188138008118, 0.8623188138008118, 0.8623188138008118, 0.8623188138008118, 0.8623188138008118, 0.8623188138008118, 0.8623188138008118, 0.8623188138008118, 0.8623188138008118, 0.8623188138008118, 0.8623188138008118, 0.8623188138008118, 0.8623188138008118, 0.8623188138008118, 0.8623188138008118, 0.8623188138008118, 0.8623188138008118, 0.8623188138008118, 0.8623188138008118, 0.8623188138008118, 0.8623188138008118, 0.8623188138008118, 0.8623188138008118, 0.8623188138008118, 0.8623188138008118, 0.8623188138008118, 0.8623188138008118, 0.8623188138008118, 0.8623188138008118, 0.8623188138008118, 0.8623188138008118, 0.8623188138008118, 0.8623188138008118, 0.8623188138008118, 0.8623188138008118, 0.8623188138008118, 0.8623188138008118, 0.8623188138008118], 'val_loss': [0.5005547404289246, 0.47137585282325745, 0.4512571394443512, 0.4366025924682617, 0.4256424903869629, 0.41727298498153687, 0.4108264148235321, 0.4056146442890167, 0.40115100145339966, 0.39740365743637085, 0.394326388835907, 0.391670823097229, 0.3893892467021942, 0.38733530044555664, 0.3855378031730652, 0.38379648327827454, 0.3821292817592621, 0.38062724471092224, 0.3792364001274109, 0.3778056502342224, 0.37630799412727356, 0.37491098046302795, 0.3735640347003937, 0.3722608983516693, 0.37100645899772644, 0.36976149678230286, 0.3686542510986328, 0.36764997243881226, 0.3666389584541321, 0.3656613230705261, 0.3647134602069855, 0.3637867867946625, 0.36292898654937744, 0.3621513247489929, 0.36141619086265564, 0.36041632294654846, 0.35976314544677734, 0.3587893545627594, 0.35813888907432556, 0.3572923541069031, 0.3564857542514801, 0.3558467626571655, 0.3552383780479431, 0.3542998433113098, 0.3538118004798889, 0.3530273735523224, 0.35239139199256897, 0.35183826088905334, 0.3512328565120697, 0.35066792368888855, 0.350193589925766, 0.34977638721466064, 0.34946557879447937, 0.3489030599594116, 0.34873026609420776, 0.34833812713623047, 0.34821510314941406, 0.34756767749786377, 0.34733736515045166, 0.347089558839798, 0.3466469943523407, 0.3464237153530121, 0.34581780433654785, 0.34578415751457214, 0.34523409605026245, 0.34473246335983276, 0.344410240650177, 0.3440227508544922, 0.34380632638931274, 0.3435975909233093, 0.3434509038925171, 0.34301745891571045, 0.3426358997821808, 0.342312216758728, 0.3417949676513672, 0.3415500223636627, 0.3411496579647064, 0.34067803621292114, 0.3401460647583008, 0.3399833142757416, 0.33957698941230774, 0.3390926420688629, 0.3389458954334259, 0.3385430872440338, 0.3380958139896393, 0.33798277378082275, 0.33761945366859436, 0.33728572726249695, 0.3370647728443146, 0.3367553651332855, 0.3366082012653351, 0.3359827995300293, 0.3357301652431488, 0.335629940032959, 0.3351735472679138, 0.33513331413269043, 0.33477872610092163, 0.3345677852630615, 0.33426588773727417, 0.3341312110424042]}"
Neural Network,NN_16,0.01,0.8800622820854187,0.8695651888847351,0.8695651888847351,0.8825214899713467,0.9090909090909091,0.9012345679012346,0.8953488372093024,0.8641975308641975,0.8795180722891566,0.8888888888888888,0.8860759493670886,0.8902439024390244,"{'accuracy': [0.5311526656150818, 0.6386292576789856, 0.7398753762245178, 0.7741432785987854, 0.8006230592727661, 0.8115264773368835, 0.8255451917648315, 0.8380062580108643, 0.8426791429519653, 0.8442367315292358, 0.8457943797111511, 0.8473520278930664, 0.8504672646522522, 0.8520249128341675, 0.8520249128341675, 0.8535825610160828, 0.8520249128341675, 0.8520249128341675, 0.855140209197998, 0.8566977977752686, 0.855140209197998, 0.8582554459571838, 0.8598130941390991, 0.8598130941390991, 0.8598130941390991, 0.8613707423210144, 0.8613707423210144, 0.8629283308982849, 0.8629283308982849, 0.8613707423210144, 0.8613707423210144, 0.8613707423210144, 0.8613707423210144, 0.8613707423210144, 0.8613707423210144, 0.8613707423210144, 0.8613707423210144, 0.8613707423210144, 0.8613707423210144, 0.8613707423210144, 0.8629283308982849, 0.8644859790802002, 0.8644859790802002, 0.8660436272621155, 0.8660436272621155, 0.8676012754440308, 0.8676012754440308, 0.8676012754440308, 0.8676012754440308, 0.8691588640213013, 0.8676012754440308, 0.8676012754440308, 0.8691588640213013, 0.8676012754440308, 0.8676012754440308, 0.8676012754440308, 0.8676012754440308, 0.8691588640213013, 0.8676012754440308, 0.8676012754440308, 0.8676012754440308, 0.8676012754440308, 0.8676012754440308, 0.8676012754440308, 0.8676012754440308, 0.8676012754440308, 0.8691588640213013, 0.8691588640213013, 0.8691588640213013, 0.8691588640213013, 0.8722741603851318, 0.8722741603851318, 0.8722741603851318, 0.8738317489624023, 0.8738317489624023, 0.8738317489624023, 0.8738317489624023, 0.8753893971443176, 0.8753893971443176, 0.8753893971443176, 0.8769470453262329, 0.8769470453262329, 0.8769470453262329, 0.8785046935081482, 0.8785046935081482, 0.8785046935081482, 0.8785046935081482, 0.8785046935081482, 0.8785046935081482, 0.8785046935081482, 0.8785046935081482, 0.8785046935081482, 0.8785046935081482, 0.8785046935081482, 0.8785046935081482, 0.8769470453262329, 0.8785046935081482, 0.8785046935081482, 0.8785046935081482, 0.8785046935081482], 'loss': [0.8499511480331421, 0.7700334787368774, 0.714228630065918, 0.6716718077659607, 0.6372256875038147, 0.6084973812103271, 0.5841166973114014, 0.5632380843162537, 0.5453208684921265, 0.5297257304191589, 0.5162237882614136, 0.5043694376945496, 0.4938923120498657, 0.48459261655807495, 0.47623056173324585, 0.4687808156013489, 0.46215835213661194, 0.4560702443122864, 0.4504318833351135, 0.4452013075351715, 0.4403371512889862, 0.4359186589717865, 0.43165382742881775, 0.4276145398616791, 0.4241412878036499, 0.42086198925971985, 0.41777557134628296, 0.41474461555480957, 0.41212761402130127, 0.4095284044742584, 0.4070488214492798, 0.404825359582901, 0.402668833732605, 0.40055206418037415, 0.3985193073749542, 0.396655797958374, 0.39489421248435974, 0.39320239424705505, 0.39140355587005615, 0.38994503021240234, 0.38833358883857727, 0.3867943286895752, 0.38535410165786743, 0.38402897119522095, 0.38264450430870056, 0.3812931180000305, 0.38005298376083374, 0.37892210483551025, 0.3776816725730896, 0.37671926617622375, 0.3755510151386261, 0.37460649013519287, 0.3734600841999054, 0.3725784718990326, 0.3716511130332947, 0.37062934041023254, 0.3698498010635376, 0.3688744902610779, 0.36797577142715454, 0.36724457144737244, 0.3664637506008148, 0.36562472581863403, 0.3647407591342926, 0.36405059695243835, 0.3633064329624176, 0.3626296818256378, 0.3618853688240051, 0.3609897196292877, 0.36042603850364685, 0.3597157895565033, 0.3590988516807556, 0.3584173917770386, 0.3577219247817993, 0.3571244478225708, 0.35645413398742676, 0.35592135787010193, 0.35515713691711426, 0.3547728359699249, 0.35422199964523315, 0.35360097885131836, 0.3529556393623352, 0.35239097476005554, 0.3518657386302948, 0.3512328565120697, 0.3507639765739441, 0.35012900829315186, 0.34976816177368164, 0.34921324253082275, 0.3487125337123871, 0.34825947880744934, 0.3476831614971161, 0.34728172421455383, 0.3467898368835449, 0.3462858200073242, 0.3457680642604828, 0.34528064727783203, 0.3448733389377594, 0.34443601965904236, 0.3441295325756073, 0.3435000479221344], 'val_accuracy': [0.5942028760910034, 0.7028985619544983, 0.8115941882133484, 0.8333333134651184, 0.8333333134651184, 0.8333333134651184, 0.8333333134651184, 0.8478260636329651, 0.8333333134651184, 0.8478260636329651, 0.8478260636329651, 0.8478260636329651, 0.8478260636329651, 0.8550724387168884, 0.8623188138008118, 0.8623188138008118, 0.8550724387168884, 0.8550724387168884, 0.8550724387168884, 0.8478260636329651, 0.8478260636329651, 0.8478260636329651, 0.8478260636329651, 0.8478260636329651, 0.8478260636329651, 0.8478260636329651, 0.8478260636329651, 0.8478260636329651, 0.8478260636329651, 0.8550724387168884, 0.8550724387168884, 0.8550724387168884, 0.8550724387168884, 0.8550724387168884, 0.8550724387168884, 0.8550724387168884, 0.8623188138008118, 0.8623188138008118, 0.8623188138008118, 0.8695651888847351, 0.8695651888847351, 0.8768116235733032, 0.8768116235733032, 0.8768116235733032, 0.8768116235733032, 0.8768116235733032, 0.8768116235733032, 0.8768116235733032, 0.8768116235733032, 0.8768116235733032, 0.8768116235733032, 0.8768116235733032, 0.8768116235733032, 0.8768116235733032, 0.8768116235733032, 0.8768116235733032, 0.8768116235733032, 0.8768116235733032, 0.8768116235733032, 0.8695651888847351, 0.8695651888847351, 0.8768116235733032, 0.8695651888847351, 0.8695651888847351, 0.8695651888847351, 0.8695651888847351, 0.8768116235733032, 0.8695651888847351, 0.8695651888847351, 0.8695651888847351, 0.8695651888847351, 0.8695651888847351, 0.8695651888847351, 0.8695651888847351, 0.8695651888847351, 0.8695651888847351, 0.8695651888847351, 0.8695651888847351, 0.8695651888847351, 0.8695651888847351, 0.8695651888847351, 0.8695651888847351, 0.8695651888847351, 0.8695651888847351, 0.8695651888847351, 0.8695651888847351, 0.8695651888847351, 0.8695651888847351, 0.8695651888847351, 0.8695651888847351, 0.8695651888847351, 0.8695651888847351, 0.8695651888847351, 0.8695651888847351, 0.8695651888847351, 0.8695651888847351, 0.8695651888847351, 0.8695651888847351, 0.8695651888847351, 0.8695651888847351], 'val_loss': [0.7892112731933594, 0.7275117039680481, 0.6797366142272949, 0.6412171721458435, 0.6089972853660583, 0.5817432403564453, 0.5583783388137817, 0.5386038422584534, 0.5215983986854553, 0.5068983435630798, 0.4943975806236267, 0.48361605405807495, 0.47442421317100525, 0.4665083885192871, 0.4595458507537842, 0.45410263538360596, 0.4487886130809784, 0.44398272037506104, 0.4394765794277191, 0.4355050325393677, 0.43199583888053894, 0.4281729459762573, 0.42422449588775635, 0.4214685559272766, 0.41837137937545776, 0.4161352217197418, 0.4131905734539032, 0.4114702045917511, 0.40907806158065796, 0.4064948856830597, 0.40431126952171326, 0.4021318256855011, 0.4000030755996704, 0.3977445065975189, 0.3959980607032776, 0.39426273107528687, 0.39283305406570435, 0.3904256820678711, 0.38935911655426025, 0.3872503638267517, 0.3859208822250366, 0.3842437267303467, 0.3832012712955475, 0.38143280148506165, 0.3798579275608063, 0.3786429464817047, 0.3777692914009094, 0.37563565373420715, 0.3750397562980652, 0.3732556402683258, 0.3726534843444824, 0.37067919969558716, 0.3698127269744873, 0.3691041171550751, 0.36748436093330383, 0.36704739928245544, 0.3654686510562897, 0.36452189087867737, 0.36382797360420227, 0.363029420375824, 0.361768513917923, 0.3608481287956238, 0.36019018292427063, 0.35965093970298767, 0.3586918115615845, 0.35806331038475037, 0.3566131293773651, 0.35685643553733826, 0.3556932508945465, 0.3554937243461609, 0.3543616533279419, 0.3536390960216522, 0.35294318199157715, 0.351754754781723, 0.35162943601608276, 0.3501962423324585, 0.35076653957366943, 0.3496025800704956, 0.34898391366004944, 0.34817320108413696, 0.347908616065979, 0.3469220995903015, 0.34573355317115784, 0.34597650170326233, 0.3446098268032074, 0.3446314334869385, 0.343456894159317, 0.3436540961265564, 0.34302908182144165, 0.3420793414115906, 0.3415036201477051, 0.3413248062133789, 0.34059756994247437, 0.3401355445384979, 0.33918139338493347, 0.33940255641937256, 0.3382111191749573, 0.3381296992301941, 0.33763742446899414, 0.33717864751815796]}"
Neural Network,NN_16,0.1,0.8520249128341675,0.8623188138008118,0.8695651888847351,0.8507042253521127,0.9078947368421053,0.9113924050632911,0.877906976744186,0.8518518518518519,0.8674698795180723,0.8640915593705293,0.8789808917197452,0.8888888888888888,"{'accuracy': [0.5031152367591858, 0.5887850522994995, 0.6838006377220154, 0.7336448431015015, 0.7834891080856323, 0.8021807074546814, 0.8208722472190857, 0.827102780342102, 0.8348909616470337, 0.836448609828949, 0.8333333134651184, 0.8380062580108643, 0.8380062580108643, 0.8395638465881348, 0.8395638465881348, 0.8426791429519653, 0.8426791429519653, 0.8426791429519653, 0.8442367315292358, 0.8442367315292358, 0.8426791429519653, 0.84112149477005, 0.84112149477005, 0.8426791429519653, 0.8426791429519653, 0.8442367315292358, 0.8457943797111511, 0.8442367315292358, 0.84112149477005, 0.8426791429519653, 0.8442367315292358, 0.8457943797111511, 0.8457943797111511, 0.8442367315292358, 0.8457943797111511, 0.8457943797111511, 0.8473520278930664, 0.8473520278930664, 0.8457943797111511, 0.8489096760749817, 0.8473520278930664, 0.8473520278930664, 0.8473520278930664, 0.8473520278930664, 0.8473520278930664, 0.8473520278930664, 0.8473520278930664, 0.8457943797111511, 0.8442367315292358, 0.8473520278930664, 0.8473520278930664, 0.8457943797111511, 0.8457943797111511, 0.8457943797111511, 0.8457943797111511, 0.8457943797111511, 0.8457943797111511, 0.8457943797111511, 0.8457943797111511, 0.8457943797111511, 0.8457943797111511, 0.8473520278930664, 0.8473520278930664, 0.8473520278930664, 0.8489096760749817, 0.8489096760749817, 0.8489096760749817, 0.8489096760749817, 0.8489096760749817, 0.8489096760749817, 0.8504672646522522, 0.8504672646522522, 0.8504672646522522, 0.8520249128341675, 0.8504672646522522, 0.8504672646522522, 0.8504672646522522, 0.8520249128341675, 0.8520249128341675, 0.8520249128341675, 0.8520249128341675, 0.8520249128341675, 0.8520249128341675, 0.8520249128341675, 0.8520249128341675, 0.8520249128341675, 0.8520249128341675, 0.8520249128341675, 0.8520249128341675, 0.8520249128341675, 0.8520249128341675, 0.8520249128341675, 0.8520249128341675, 0.8520249128341675, 0.8520249128341675, 0.8520249128341675, 0.855140209197998, 0.8535825610160828, 0.8535825610160828, 0.8535825610160828], 'loss': [2.2207539081573486, 1.9824059009552002, 1.7853937149047852, 1.6175518035888672, 1.4723939895629883, 1.3459540605545044, 1.2352936267852783, 1.1380698680877686, 1.052405595779419, 0.9762681722640991, 0.9092036485671997, 0.8502396941184998, 0.7985563278198242, 0.7532777190208435, 0.7133232355117798, 0.6780216097831726, 0.6471102237701416, 0.6199670433998108, 0.5960652232170105, 0.5750000476837158, 0.5563974380493164, 0.5400884747505188, 0.5258936285972595, 0.513367772102356, 0.5024725198745728, 0.4928990602493286, 0.48452240228652954, 0.4771539270877838, 0.47098419070243835, 0.4657532870769501, 0.46114155650138855, 0.45693740248680115, 0.4533991813659668, 0.4503808915615082, 0.44759461283683777, 0.445064514875412, 0.4429624080657959, 0.44104450941085815, 0.4391781687736511, 0.4374384880065918, 0.4358900785446167, 0.4343665838241577, 0.4330962002277374, 0.4318908154964447, 0.430721640586853, 0.42958468198776245, 0.4285406768321991, 0.4274064302444458, 0.42628365755081177, 0.42528560757637024, 0.42422813177108765, 0.4234296381473541, 0.42265334725379944, 0.42177489399909973, 0.420896977186203, 0.4202152192592621, 0.41954687237739563, 0.41879138350486755, 0.4180104434490204, 0.41744309663772583, 0.4168650209903717, 0.41614830493927, 0.4154311716556549, 0.4148753583431244, 0.4142831563949585, 0.4135960340499878, 0.4129006862640381, 0.4124210774898529, 0.4119594097137451, 0.4113617539405823, 0.4107382297515869, 0.4102650582790375, 0.40968576073646545, 0.40893691778182983, 0.4083821773529053, 0.4079285264015198, 0.4073757827281952, 0.4068725109100342, 0.4065296947956085, 0.4060852825641632, 0.4055279791355133, 0.4050653874874115, 0.40471604466438293, 0.4042653739452362, 0.4038371741771698, 0.40335163474082947, 0.402957558631897, 0.402461439371109, 0.40205469727516174, 0.4016176164150238, 0.4012538492679596, 0.40085309743881226, 0.40049487352371216, 0.400053471326828, 0.3997451364994049, 0.3993360102176666, 0.39891108870506287, 0.39841532707214355, 0.39819657802581787, 0.39783918857574463], 'val_accuracy': [0.5144927501678467, 0.6231883764266968, 0.6884058117866516, 0.7318840622901917, 0.7536231875419617, 0.7898550629615784, 0.804347813129425, 0.8188405632972717, 0.8115941882133484, 0.8188405632972717, 0.8333333134651184, 0.8333333134651184, 0.8333333134651184, 0.8333333134651184, 0.8405796885490417, 0.8405796885490417, 0.8405796885490417, 0.8405796885490417, 0.8405796885490417, 0.8405796885490417, 0.8405796885490417, 0.8405796885490417, 0.8405796885490417, 0.8478260636329651, 0.8478260636329651, 0.8478260636329651, 0.8478260636329651, 0.8478260636329651, 0.8478260636329651, 0.8478260636329651, 0.8478260636329651, 0.8478260636329651, 0.8478260636329651, 0.8478260636329651, 0.8478260636329651, 0.8478260636329651, 0.8478260636329651, 0.8478260636329651, 0.8478260636329651, 0.8478260636329651, 0.8478260636329651, 0.8478260636329651, 0.8405796885490417, 0.8405796885490417, 0.8405796885490417, 0.8405796885490417, 0.8405796885490417, 0.8405796885490417, 0.8478260636329651, 0.8478260636329651, 0.8478260636329651, 0.8478260636329651, 0.8478260636329651, 0.8478260636329651, 0.8478260636329651, 0.8478260636329651, 0.8478260636329651, 0.8478260636329651, 0.8478260636329651, 0.8478260636329651, 0.8478260636329651, 0.8478260636329651, 0.8478260636329651, 0.8550724387168884, 0.8550724387168884, 0.8550724387168884, 0.8550724387168884, 0.8550724387168884, 0.8550724387168884, 0.8550724387168884, 0.8550724387168884, 0.8550724387168884, 0.8550724387168884, 0.8550724387168884, 0.8550724387168884, 0.8550724387168884, 0.8550724387168884, 0.8550724387168884, 0.8550724387168884, 0.8550724387168884, 0.8550724387168884, 0.8550724387168884, 0.8550724387168884, 0.8550724387168884, 0.8550724387168884, 0.8550724387168884, 0.8550724387168884, 0.8550724387168884, 0.8550724387168884, 0.8550724387168884, 0.8550724387168884, 0.8550724387168884, 0.8623188138008118, 0.8623188138008118, 0.8623188138008118, 0.8623188138008118, 0.8550724387168884, 0.8623188138008118, 0.8623188138008118, 0.8623188138008118], 'val_loss': [2.098599910736084, 1.880115270614624, 1.6959525346755981, 1.5378632545471191, 1.4008443355560303, 1.2812014818191528, 1.176140546798706, 1.0839729309082031, 1.0028165578842163, 0.9312769770622253, 0.8685485124588013, 0.8134479522705078, 0.7653064727783203, 0.7228735089302063, 0.6853037476539612, 0.652352511882782, 0.623542308807373, 0.5982518196105957, 0.5767282247543335, 0.5581233501434326, 0.5410709381103516, 0.5263487100601196, 0.513083279132843, 0.501982569694519, 0.49204087257385254, 0.4837360084056854, 0.4761347472667694, 0.4700506031513214, 0.4649302661418915, 0.46041339635849, 0.45584240555763245, 0.45222699642181396, 0.44932448863983154, 0.4464280903339386, 0.4434396028518677, 0.4414730668067932, 0.4395706057548523, 0.4377771019935608, 0.4358133375644684, 0.43435195088386536, 0.4325962960720062, 0.43159759044647217, 0.4305364787578583, 0.4294269382953644, 0.42823535203933716, 0.42726418375968933, 0.42615312337875366, 0.4248542785644531, 0.4242006838321686, 0.42292726039886475, 0.4224531352519989, 0.4218237102031708, 0.4209989607334137, 0.4198419451713562, 0.4194270968437195, 0.4188435971736908, 0.41811710596084595, 0.41707921028137207, 0.4168344736099243, 0.41639968752861023, 0.4157141149044037, 0.41471540927886963, 0.4144369065761566, 0.41401487588882446, 0.4133980870246887, 0.41243723034858704, 0.4122430980205536, 0.411965936422348, 0.4115109145641327, 0.41056758165359497, 0.4105965793132782, 0.41033419966697693, 0.40939801931381226, 0.4089590311050415, 0.40892118215560913, 0.4080762267112732, 0.4074725806713104, 0.4074413776397705, 0.40728312730789185, 0.40625208616256714, 0.40565919876098633, 0.4058317244052887, 0.40503937005996704, 0.404870867729187, 0.4040512144565582, 0.40427538752555847, 0.40336665511131287, 0.4032752215862274, 0.40263789892196655, 0.4026429057121277, 0.4018363654613495, 0.40188732743263245, 0.401044636964798, 0.4012630879878998, 0.40040120482444763, 0.40023764967918396, 0.3992379903793335, 0.39982300996780396, 0.39899319410324097, 0.39916762709617615]}"
Neural Network,NN_16,0.5,0.8442367315292358,0.8478260636329651,0.8478260636329651,0.844632768361582,0.9054054054054054,0.9078947368421053,0.8691860465116279,0.8271604938271605,0.8313253012048193,0.8567335243553008,0.864516129032258,0.8679245283018868,"{'accuracy': [0.6059190034866333, 0.6230529546737671, 0.65887850522995, 0.6869158744812012, 0.7009345889091492, 0.718068540096283, 0.7383177280426025, 0.7570093274116516, 0.7710280418395996, 0.7694703936576843, 0.781931459903717, 0.7866043448448181, 0.7912772297859192, 0.8006230592727661, 0.8021807074546814, 0.8021807074546814, 0.8068535923957825, 0.8115264773368835, 0.8208722472190857, 0.822429895401001, 0.8193146586418152, 0.822429895401001, 0.8255451917648315, 0.8255451917648315, 0.827102780342102, 0.827102780342102, 0.8302180767059326, 0.8317757248878479, 0.8348909616470337, 0.836448609828949, 0.8380062580108643, 0.8380062580108643, 0.8380062580108643, 0.8380062580108643, 0.8395638465881348, 0.8380062580108643, 0.8380062580108643, 0.8395638465881348, 0.8380062580108643, 0.8380062580108643, 0.8380062580108643, 0.8380062580108643, 0.8380062580108643, 0.8380062580108643, 0.8395638465881348, 0.8395638465881348, 0.84112149477005, 0.84112149477005, 0.84112149477005, 0.84112149477005, 0.84112149477005, 0.8426791429519653, 0.8426791429519653, 0.8426791429519653, 0.8442367315292358, 0.8442367315292358, 0.8442367315292358, 0.8442367315292358, 0.8442367315292358, 0.8442367315292358, 0.8442367315292358, 0.8442367315292358, 0.8442367315292358, 0.8442367315292358, 0.8442367315292358, 0.8442367315292358, 0.8442367315292358, 0.8442367315292358, 0.8442367315292358, 0.8442367315292358, 0.8442367315292358, 0.8442367315292358, 0.8457943797111511, 0.8457943797111511, 0.8457943797111511, 0.8457943797111511, 0.8473520278930664, 0.8473520278930664, 0.8473520278930664, 0.8473520278930664, 0.8473520278930664, 0.8473520278930664, 0.8473520278930664, 0.8473520278930664, 0.8473520278930664, 0.8473520278930664, 0.8473520278930664, 0.8473520278930664, 0.8473520278930664, 0.8473520278930664, 0.8473520278930664, 0.8473520278930664, 0.8473520278930664, 0.8473520278930664, 0.8473520278930664, 0.8457943797111511, 0.8457943797111511, 0.8457943797111511, 0.8457943797111511, 0.8457943797111511], 'loss': [7.5860395431518555, 6.615428447723389, 5.769815921783447, 5.035696983337402, 4.39862060546875, 3.845644950866699, 3.3657822608947754, 2.9501545429229736, 2.5909500122070312, 2.2811226844787598, 2.014495611190796, 1.785481333732605, 1.5889687538146973, 1.4205825328826904, 1.2764091491699219, 1.1534395217895508, 1.0486950874328613, 0.9594322443008423, 0.8844178318977356, 0.8208959698677063, 0.7670744061470032, 0.7220826148986816, 0.6849390864372253, 0.6543221473693848, 0.6289443969726562, 0.6076831817626953, 0.5899431705474854, 0.5751947164535522, 0.5629802942276001, 0.5528337955474854, 0.5443671941757202, 0.5373045802116394, 0.5312855839729309, 0.5260969400405884, 0.5216639041900635, 0.5178006291389465, 0.514407217502594, 0.5113902688026428, 0.508671224117279, 0.5061968564987183, 0.5039340257644653, 0.5018413662910461, 0.4998859763145447, 0.49805551767349243, 0.4963259696960449, 0.49467945098876953, 0.4931122064590454, 0.49160438776016235, 0.49014970660209656, 0.4887450933456421, 0.48738721013069153, 0.48607105016708374, 0.48479369282722473, 0.48355525732040405, 0.4823477268218994, 0.48117074370384216, 0.4800269603729248, 0.478902131319046, 0.47780853509902954, 0.4767417013645172, 0.47569888830184937, 0.47467824816703796, 0.47367820143699646, 0.47269681096076965, 0.4717365801334381, 0.4707986116409302, 0.4698770046234131, 0.4689752757549286, 0.4680892527103424, 0.4672251045703888, 0.4663736820220947, 0.46553748846054077, 0.46471697092056274, 0.4639107286930084, 0.4631177484989166, 0.46233922243118286, 0.4615743160247803, 0.46082431077957153, 0.46008867025375366, 0.4593653082847595, 0.4586533010005951, 0.4579543471336365, 0.45726582407951355, 0.45658859610557556, 0.4559219181537628, 0.4552657902240753, 0.454619824886322, 0.45398247241973877, 0.4533580541610718, 0.45274168252944946, 0.45213422179222107, 0.45153674483299255, 0.45094597339630127, 0.4503675401210785, 0.449796587228775, 0.4492327868938446, 0.4486771821975708, 0.44812867045402527, 0.4475882351398468, 0.4470548927783966], 'val_accuracy': [0.6739130616188049, 0.6811594367027283, 0.7101449370384216, 0.7463768124580383, 0.7536231875419617, 0.760869562625885, 0.7681159377098083, 0.7681159377098083, 0.7681159377098083, 0.760869562625885, 0.7753623127937317, 0.7753623127937317, 0.804347813129425, 0.8188405632972717, 0.804347813129425, 0.8115941882133484, 0.8188405632972717, 0.8188405632972717, 0.8115941882133484, 0.8188405632972717, 0.8188405632972717, 0.8115941882133484, 0.8115941882133484, 0.8188405632972717, 0.8188405632972717, 0.8333333134651184, 0.8333333134651184, 0.8333333134651184, 0.8333333134651184, 0.8260869383811951, 0.8260869383811951, 0.8260869383811951, 0.8260869383811951, 0.8260869383811951, 0.8260869383811951, 0.8260869383811951, 0.8260869383811951, 0.8260869383811951, 0.8260869383811951, 0.8260869383811951, 0.8260869383811951, 0.8260869383811951, 0.8260869383811951, 0.8260869383811951, 0.8260869383811951, 0.8260869383811951, 0.8260869383811951, 0.8260869383811951, 0.8333333134651184, 0.8333333134651184, 0.8333333134651184, 0.8405796885490417, 0.8405796885490417, 0.8405796885490417, 0.8405796885490417, 0.8405796885490417, 0.8405796885490417, 0.8405796885490417, 0.8478260636329651, 0.8478260636329651, 0.8478260636329651, 0.8478260636329651, 0.8478260636329651, 0.8478260636329651, 0.8478260636329651, 0.8478260636329651, 0.8478260636329651, 0.8478260636329651, 0.8478260636329651, 0.8478260636329651, 0.8478260636329651, 0.8478260636329651, 0.8478260636329651, 0.8478260636329651, 0.8478260636329651, 0.8478260636329651, 0.8478260636329651, 0.8478260636329651, 0.8478260636329651, 0.8478260636329651, 0.8478260636329651, 0.8478260636329651, 0.8478260636329651, 0.8478260636329651, 0.8478260636329651, 0.8478260636329651, 0.8478260636329651, 0.8478260636329651, 0.8478260636329651, 0.8478260636329651, 0.8478260636329651, 0.8478260636329651, 0.8478260636329651, 0.8478260636329651, 0.8478260636329651, 0.8478260636329651, 0.8478260636329651, 0.8478260636329651, 0.8478260636329651, 0.8478260636329651], 'val_loss': [7.032907485961914, 6.134335517883301, 5.3533172607421875, 4.675254821777344, 4.086552143096924, 3.575160264968872, 3.1317901611328125, 2.7481014728546143, 2.4168899059295654, 2.131498098373413, 1.8859519958496094, 1.6749061346054077, 1.49324631690979, 1.336916446685791, 1.2029250860214233, 1.0890815258026123, 0.9914650321006775, 0.9091156125068665, 0.839287519454956, 0.7797073125839233, 0.7295944690704346, 0.6878595948219299, 0.6536582112312317, 0.6257519125938416, 0.6024869084358215, 0.5832425951957703, 0.5674322843551636, 0.5545198321342468, 0.5437555313110352, 0.5349847674369812, 0.527742862701416, 0.5215988755226135, 0.5162644386291504, 0.5117680430412292, 0.5078370571136475, 0.5045040249824524, 0.5016558766365051, 0.4991436302661896, 0.49685078859329224, 0.4947236180305481, 0.4927498698234558, 0.49094048142433167, 0.4892827868461609, 0.48772475123405457, 0.4862344264984131, 0.4848129153251648, 0.4834328293800354, 0.4821130037307739, 0.4808405041694641, 0.47960397601127625, 0.4784145653247833, 0.4772645831108093, 0.47614309191703796, 0.47504064440727234, 0.4739803969860077, 0.4729499816894531, 0.47192853689193726, 0.47093990445137024, 0.46998193860054016, 0.469041645526886, 0.4681345522403717, 0.4672228991985321, 0.4663175940513611, 0.46544551849365234, 0.4646000564098358, 0.46376729011535645, 0.46295565366744995, 0.4621531367301941, 0.46137532591819763, 0.4606110453605652, 0.45986688137054443, 0.45914310216903687, 0.45842990279197693, 0.4577202796936035, 0.4570167064666748, 0.45633283257484436, 0.45566636323928833, 0.4550056755542755, 0.45435062050819397, 0.45371323823928833, 0.45309361815452576, 0.452476441860199, 0.4518734812736511, 0.4512818455696106, 0.45069968700408936, 0.45012611150741577, 0.44956251978874207, 0.44900646805763245, 0.4484559893608093, 0.4479188323020935, 0.44739410281181335, 0.4468686878681183, 0.44636309146881104, 0.445857971906662, 0.4453621506690979, 0.44487395882606506, 0.4443926215171814, 0.4439186155796051, 0.4434513747692108, 0.4429902136325836]}"
Neural Network,NN_32-16,0.0,0.9080997109413147,0.8550724387168884,0.8695651888847351,0.905982905982906,0.8860759493670886,0.9012345679012346,0.9244186046511628,0.8641975308641975,0.8795180722891566,0.9151079136690647,0.875,0.8902439024390244,"{'accuracy': [0.5700934529304504, 0.7274143099784851, 0.7866043448448181, 0.8146417737007141, 0.836448609828949, 0.8489096760749817, 0.8504672646522522, 0.8535825610160828, 0.8520249128341675, 0.8566977977752686, 0.8598130941390991, 0.8644859790802002, 0.8676012754440308, 0.8644859790802002, 0.8644859790802002, 0.8644859790802002, 0.8676012754440308, 0.8691588640213013, 0.8738317489624023, 0.8769470453262329, 0.8785046935081482, 0.881619930267334, 0.881619930267334, 0.881619930267334, 0.881619930267334, 0.8831775784492493, 0.8847352266311646, 0.8862928152084351, 0.8847352266311646, 0.8862928152084351, 0.8862928152084351, 0.8925233483314514, 0.8925233483314514, 0.8925233483314514, 0.8940809965133667, 0.8940809965133667, 0.8940809965133667, 0.8971962332725525, 0.8987538814544678, 0.8987538814544678, 0.9003115296363831, 0.9003115296363831, 0.9018691778182983, 0.9049844145774841, 0.9065420627593994, 0.9065420627593994, 0.9065420627593994, 0.9065420627593994, 0.9065420627593994, 0.9080997109413147, 0.9096572995185852, 0.9112149477005005, 0.9112149477005005, 0.9127725958824158, 0.9158878326416016, 0.9174454808235168], 'loss': [0.6823539733886719, 0.590162456035614, 0.5214327573776245, 0.4660491943359375, 0.42442938685417175, 0.3949369788169861, 0.3752381205558777, 0.36141437292099, 0.35116708278656006, 0.34214702248573303, 0.3344566524028778, 0.32795479893684387, 0.32239019870758057, 0.31737300753593445, 0.31275609135627747, 0.3086666762828827, 0.3047586977481842, 0.3010055720806122, 0.29743823409080505, 0.2940473258495331, 0.29079005122184753, 0.2877365052700043, 0.2849472761154175, 0.28217601776123047, 0.2796076536178589, 0.2771309018135071, 0.2745784521102905, 0.27237260341644287, 0.27008530497550964, 0.26796674728393555, 0.2658720016479492, 0.26368850469589233, 0.26167353987693787, 0.25966978073120117, 0.2576174736022949, 0.2556886374950409, 0.25371381640434265, 0.25183990597724915, 0.25000840425491333, 0.24835672974586487, 0.24651743471622467, 0.24465611577033997, 0.2430107146501541, 0.24130843579769135, 0.23966540396213531, 0.23807333409786224, 0.2365228235721588, 0.23482760787010193, 0.23342140018939972, 0.23175828158855438, 0.23020300269126892, 0.22866865992546082, 0.22712524235248566, 0.2256200909614563, 0.22421497106552124, 0.22267873585224152], 'val_accuracy': [0.7028985619544983, 0.7753623127937317, 0.8115941882133484, 0.8333333134651184, 0.8260869383811951, 0.8478260636329651, 0.8333333134651184, 0.8333333134651184, 0.8478260636329651, 0.8478260636329651, 0.8478260636329651, 0.8478260636329651, 0.8550724387168884, 0.8550724387168884, 0.8550724387168884, 0.8550724387168884, 0.8550724387168884, 0.8550724387168884, 0.8550724387168884, 0.8550724387168884, 0.8550724387168884, 0.8623188138008118, 0.8623188138008118, 0.8623188138008118, 0.8623188138008118, 0.8623188138008118, 0.8623188138008118, 0.8768116235733032, 0.8695651888847351, 0.8695651888847351, 0.8695651888847351, 0.8695651888847351, 0.8623188138008118, 0.8623188138008118, 0.8623188138008118, 0.8623188138008118, 0.8623188138008118, 0.8623188138008118, 0.8550724387168884, 0.8550724387168884, 0.8550724387168884, 0.8550724387168884, 0.8550724387168884, 0.8550724387168884, 0.8550724387168884, 0.8550724387168884, 0.8550724387168884, 0.8550724387168884, 0.8550724387168884, 0.8550724387168884, 0.8550724387168884, 0.8550724387168884, 0.8623188138008118, 0.8550724387168884, 0.8623188138008118, 0.8550724387168884], 'val_loss': [0.615908145904541, 0.5337107181549072, 0.4692942798137665, 0.42440006136894226, 0.39543285965919495, 0.37902697920799255, 0.3693023920059204, 0.3651687204837799, 0.3597511351108551, 0.3545587658882141, 0.3502800166606903, 0.347109317779541, 0.3441348969936371, 0.34083500504493713, 0.3389977216720581, 0.33662742376327515, 0.33440661430358887, 0.3317537009716034, 0.329446941614151, 0.3273674249649048, 0.32495981454849243, 0.32272571325302124, 0.32115113735198975, 0.3194197416305542, 0.3173453211784363, 0.315279483795166, 0.31425654888153076, 0.3124966621398926, 0.3112793266773224, 0.31008079648017883, 0.30883312225341797, 0.3083020746707916, 0.30722448229789734, 0.3062742352485657, 0.30560463666915894, 0.3050369322299957, 0.30456602573394775, 0.3040381968021393, 0.30393972992897034, 0.3034881055355072, 0.3032737076282501, 0.3032836318016052, 0.303114116191864, 0.3025335669517517, 0.30251437425613403, 0.3022388517856598, 0.3024238348007202, 0.3028337061405182, 0.30283015966415405, 0.3029501140117645, 0.30377280712127686, 0.30387985706329346, 0.3037789463996887, 0.30512192845344543, 0.30452966690063477, 0.30538126826286316]}"
Neural Network,NN_32-16,0.0001,0.9314641952514648,0.8913043737411499,0.8768116235733032,0.936046511627907,0.9342105263157895,0.9230769230769231,0.936046511627907,0.8765432098765432,0.8674698795180723,0.936046511627907,0.9044585987261147,0.8944099378881988,"{'accuracy': [0.5747663378715515, 0.7071651220321655, 0.7834891080856323, 0.8021807074546814, 0.8130841255187988, 0.836448609828949, 0.8504672646522522, 0.8582554459571838, 0.8707165122032166, 0.8753893971443176, 0.8738317489624023, 0.8753893971443176, 0.8738317489624023, 0.8738317489624023, 0.8769470453262329, 0.8753893971443176, 0.8769470453262329, 0.8769470453262329, 0.8785046935081482, 0.8831775784492493, 0.8831775784492493, 0.8847352266311646, 0.8847352266311646, 0.8847352266311646, 0.8878504633903503, 0.8878504633903503, 0.8878504633903503, 0.8878504633903503, 0.8894081115722656, 0.8925233483314514, 0.8909657597541809, 0.8925233483314514, 0.8925233483314514, 0.8940809965133667, 0.8987538814544678, 0.8971962332725525, 0.8971962332725525, 0.8971962332725525, 0.8987538814544678, 0.9003115296363831, 0.9003115296363831, 0.9003115296363831, 0.9003115296363831, 0.9018691778182983, 0.9034267663955688, 0.9034267663955688, 0.9034267663955688, 0.9018691778182983, 0.9018691778182983, 0.9018691778182983, 0.9018691778182983, 0.9034267663955688, 0.9049844145774841, 0.9049844145774841, 0.9049844145774841, 0.9065420627593994, 0.9096572995185852, 0.9096572995185852, 0.9096572995185852, 0.9096572995185852, 0.9112149477005005, 0.9112149477005005, 0.914330244064331, 0.914330244064331, 0.9158878326416016, 0.9190031290054321, 0.9221183657646179, 0.9236760139465332, 0.9252336621284485, 0.926791250705719, 0.9252336621284485, 0.9252336621284485, 0.9236760139465332, 0.9236760139465332, 0.926791250705719, 0.9299065470695496, 0.9283488988876343, 0.9299065470695496, 0.9299065470695496, 0.9299065470695496, 0.9314641952514648, 0.9314641952514648, 0.9345794320106506, 0.9330217838287354, 0.9330217838287354, 0.9361370801925659, 0.9330217838287354, 0.9345794320106506, 0.9345794320106506, 0.9361370801925659], 'loss': [0.6830995082855225, 0.592282772064209, 0.5308818221092224, 0.481110155582428, 0.4402402937412262, 0.408060222864151, 0.3831096291542053, 0.36461082100868225, 0.35079267621040344, 0.3410276472568512, 0.3339889347553253, 0.3282431364059448, 0.32338812947273254, 0.3188984990119934, 0.3148316740989685, 0.311200350522995, 0.30774906277656555, 0.3045819103717804, 0.30163735151290894, 0.2987503111362457, 0.29599452018737793, 0.2930595278739929, 0.2905552387237549, 0.2877698838710785, 0.28516077995300293, 0.28255611658096313, 0.2799933850765228, 0.2775768041610718, 0.27501487731933594, 0.2723371386528015, 0.26995959877967834, 0.2674004137516022, 0.26515525579452515, 0.2629077732563019, 0.26073047518730164, 0.25845766067504883, 0.2563006579875946, 0.2541288733482361, 0.25196361541748047, 0.24984537065029144, 0.24782894551753998, 0.2458452433347702, 0.2438654750585556, 0.24203047156333923, 0.24024760723114014, 0.23833468556404114, 0.2366621494293213, 0.23479165136814117, 0.23317906260490417, 0.2313540279865265, 0.2297389954328537, 0.22773899137973785, 0.2263241857290268, 0.22429564595222473, 0.2226599156856537, 0.22103485465049744, 0.21933791041374207, 0.2176235169172287, 0.21594713628292084, 0.2143024206161499, 0.2129199057817459, 0.21116402745246887, 0.20977704226970673, 0.20833183825016022, 0.20686744153499603, 0.20528942346572876, 0.20397810637950897, 0.20239505171775818, 0.20101074874401093, 0.19953757524490356, 0.1981557011604309, 0.19673258066177368, 0.19523611664772034, 0.19382250308990479, 0.19247005879878998, 0.19100265204906464, 0.1896478682756424, 0.18815521895885468, 0.18692611157894135, 0.1856197565793991, 0.1840444654226303, 0.1828700304031372, 0.1814112663269043, 0.1801273375749588, 0.17889352142810822, 0.17744524776935577, 0.17634092271327972, 0.1750391125679016, 0.1738584339618683, 0.17252172529697418], 'val_accuracy': [0.6666666865348816, 0.7971014380455017, 0.8333333134651184, 0.8405796885490417, 0.8405796885490417, 0.8695651888847351, 0.8768116235733032, 0.8695651888847351, 0.8768116235733032, 0.8695651888847351, 0.8623188138008118, 0.8623188138008118, 0.8623188138008118, 0.8695651888847351, 0.8768116235733032, 0.8768116235733032, 0.8768116235733032, 0.8768116235733032, 0.8913043737411499, 0.8913043737411499, 0.8913043737411499, 0.8913043737411499, 0.8913043737411499, 0.8913043737411499, 0.8985507488250732, 0.8985507488250732, 0.8985507488250732, 0.8840579986572266, 0.8840579986572266, 0.8985507488250732, 0.8985507488250732, 0.8985507488250732, 0.8985507488250732, 0.8985507488250732, 0.8985507488250732, 0.8985507488250732, 0.8913043737411499, 0.8985507488250732, 0.8985507488250732, 0.8985507488250732, 0.8985507488250732, 0.8985507488250732, 0.8985507488250732, 0.8985507488250732, 0.8985507488250732, 0.8985507488250732, 0.9057971239089966, 0.9057971239089966, 0.9057971239089966, 0.8985507488250732, 0.8985507488250732, 0.8985507488250732, 0.8985507488250732, 0.8985507488250732, 0.9057971239089966, 0.9057971239089966, 0.9057971239089966, 0.8985507488250732, 0.8985507488250732, 0.8985507488250732, 0.8985507488250732, 0.8913043737411499, 0.8913043737411499, 0.8913043737411499, 0.8913043737411499, 0.8913043737411499, 0.8913043737411499, 0.8913043737411499, 0.8913043737411499, 0.8913043737411499, 0.8985507488250732, 0.8913043737411499, 0.8985507488250732, 0.8985507488250732, 0.8913043737411499, 0.8913043737411499, 0.8913043737411499, 0.8913043737411499, 0.8913043737411499, 0.8913043737411499, 0.8913043737411499, 0.8840579986572266, 0.8840579986572266, 0.8840579986572266, 0.8840579986572266, 0.8840579986572266, 0.8840579986572266, 0.8840579986572266, 0.8840579986572266, 0.8840579986572266], 'val_loss': [0.6075435280799866, 0.5315123200416565, 0.47295334935188293, 0.42511311173439026, 0.3901491165161133, 0.36680087447166443, 0.35187792778015137, 0.34266960620880127, 0.33764591813087463, 0.334735631942749, 0.33201488852500916, 0.33001387119293213, 0.32839637994766235, 0.3265042006969452, 0.3246990740299225, 0.3228349983692169, 0.3212766945362091, 0.3196154534816742, 0.317834734916687, 0.31702205538749695, 0.3156871795654297, 0.31448736786842346, 0.3126913011074066, 0.3110774755477905, 0.3095337748527527, 0.3080858290195465, 0.30723679065704346, 0.3058362305164337, 0.30472812056541443, 0.3041118383407593, 0.30253899097442627, 0.3021634817123413, 0.30152496695518494, 0.3015872538089752, 0.30015820264816284, 0.29973119497299194, 0.2994518280029297, 0.29831409454345703, 0.29747888445854187, 0.2967207133769989, 0.29605233669281006, 0.2946457266807556, 0.2942861020565033, 0.2940463721752167, 0.2926761507987976, 0.29294493794441223, 0.2923476994037628, 0.2914580702781677, 0.29004380106925964, 0.29003870487213135, 0.2881239652633667, 0.2886599898338318, 0.28684863448143005, 0.28732162714004517, 0.28569039702415466, 0.2846963703632355, 0.28428491950035095, 0.28349125385284424, 0.2825984060764313, 0.28242549300193787, 0.2813822329044342, 0.28113675117492676, 0.28032606840133667, 0.279493123292923, 0.27996277809143066, 0.278917133808136, 0.2778926193714142, 0.2783731520175934, 0.2766723334789276, 0.2775156795978546, 0.27555015683174133, 0.27672719955444336, 0.27567288279533386, 0.2756112813949585, 0.2753382623195648, 0.2753715515136719, 0.2750297784805298, 0.27509555220603943, 0.27489110827445984, 0.27319425344467163, 0.2749106287956238, 0.2742921710014343, 0.27518370747566223, 0.27526354789733887, 0.2755425274372101, 0.2760395109653473, 0.2756747901439667, 0.2767070233821869, 0.27736949920654297, 0.2775056064128876]}"
Neural Network,NN_32-16,0.001,0.9080997109413147,0.9057971239089966,0.8768116235733032,0.9083094555873925,0.9473684210526315,0.9230769230769231,0.9215116279069767,0.8888888888888888,0.8674698795180723,0.9148629148629148,0.9171974522292994,0.8944099378881988,"{'accuracy': [0.6074766516685486, 0.7461059093475342, 0.8021807074546814, 0.8146417737007141, 0.8348909616470337, 0.8489096760749817, 0.8520249128341675, 0.8535825610160828, 0.8566977977752686, 0.8598130941390991, 0.8582554459571838, 0.8566977977752686, 0.8629283308982849, 0.8644859790802002, 0.8676012754440308, 0.8676012754440308, 0.8707165122032166, 0.8738317489624023, 0.8738317489624023, 0.8753893971443176, 0.8769470453262329, 0.8800622820854187, 0.881619930267334, 0.8831775784492493, 0.8831775784492493, 0.8847352266311646, 0.8847352266311646, 0.8862928152084351, 0.8878504633903503, 0.8894081115722656, 0.8894081115722656, 0.8894081115722656, 0.8909657597541809, 0.8894081115722656, 0.8894081115722656, 0.8894081115722656, 0.8925233483314514, 0.8940809965133667, 0.895638644695282, 0.8987538814544678, 0.8987538814544678, 0.9003115296363831, 0.9003115296363831, 0.9003115296363831, 0.9003115296363831, 0.9003115296363831, 0.9003115296363831, 0.9003115296363831, 0.9018691778182983, 0.9034267663955688, 0.9034267663955688, 0.9034267663955688, 0.9034267663955688, 0.9034267663955688, 0.9034267663955688, 0.9049844145774841, 0.9080997109413147, 0.9096572995185852, 0.9080997109413147, 0.9080997109413147, 0.9080997109413147, 0.9080997109413147, 0.9080997109413147, 0.9080997109413147, 0.9096572995185852, 0.9096572995185852], 'loss': [0.7282230257987976, 0.6335563063621521, 0.5676198601722717, 0.5141217708587646, 0.4736798107624054, 0.44809240102767944, 0.43093839287757874, 0.4178985059261322, 0.40771380066871643, 0.3992260992527008, 0.3923511505126953, 0.38616350293159485, 0.3807164430618286, 0.37547385692596436, 0.3707880973815918, 0.3665725886821747, 0.36245283484458923, 0.3585455119609833, 0.3551332354545593, 0.35174402594566345, 0.3487638533115387, 0.34595486521720886, 0.34317582845687866, 0.34010156989097595, 0.33747047185897827, 0.3346406817436218, 0.33195313811302185, 0.32926061749458313, 0.3268842399120331, 0.3245481550693512, 0.32222679257392883, 0.31988558173179626, 0.317783921957016, 0.3155154585838318, 0.31340888142585754, 0.31131571531295776, 0.30930978059768677, 0.30740660429000854, 0.30531764030456543, 0.3035487234592438, 0.30166879296302795, 0.30018526315689087, 0.2982649505138397, 0.2968805432319641, 0.2951121926307678, 0.2938102185726166, 0.292415976524353, 0.2907605767250061, 0.289690762758255, 0.2881196141242981, 0.2868906557559967, 0.28537508845329285, 0.2841201722621918, 0.2829337418079376, 0.2815869152545929, 0.28053519129753113, 0.279069185256958, 0.27805405855178833, 0.27673253417015076, 0.2755942940711975, 0.2742305397987366, 0.2732486128807068, 0.27190423011779785, 0.2706936001777649, 0.2695523798465729, 0.26839250326156616], 'val_accuracy': [0.6376811861991882, 0.8115941882133484, 0.8188405632972717, 0.8405796885490417, 0.8478260636329651, 0.8478260636329651, 0.8550724387168884, 0.8550724387168884, 0.8478260636329651, 0.8478260636329651, 0.8478260636329651, 0.8695651888847351, 0.8623188138008118, 0.8623188138008118, 0.8623188138008118, 0.8623188138008118, 0.8623188138008118, 0.8623188138008118, 0.8623188138008118, 0.8623188138008118, 0.8623188138008118, 0.8623188138008118, 0.8623188138008118, 0.8623188138008118, 0.8550724387168884, 0.8550724387168884, 0.8550724387168884, 0.8623188138008118, 0.8623188138008118, 0.8623188138008118, 0.8623188138008118, 0.8623188138008118, 0.8623188138008118, 0.8623188138008118, 0.8623188138008118, 0.8695651888847351, 0.8695651888847351, 0.8623188138008118, 0.8623188138008118, 0.8695651888847351, 0.8695651888847351, 0.8695651888847351, 0.8695651888847351, 0.8695651888847351, 0.8768116235733032, 0.8840579986572266, 0.8768116235733032, 0.8985507488250732, 0.8913043737411499, 0.8985507488250732, 0.9057971239089966, 0.9057971239089966, 0.9057971239089966, 0.9057971239089966, 0.9057971239089966, 0.9057971239089966, 0.9057971239089966, 0.9057971239089966, 0.9057971239089966, 0.9057971239089966, 0.9057971239089966, 0.9130434989929199, 0.9057971239089966, 0.9057971239089966, 0.9057971239089966, 0.9057971239089966], 'val_loss': [0.6868849992752075, 0.6022931933403015, 0.5355218052864075, 0.48502635955810547, 0.4528057277202606, 0.43277326226234436, 0.41944605112075806, 0.4114290177822113, 0.40629491209983826, 0.40384918451309204, 0.4006229639053345, 0.39803528785705566, 0.3942522704601288, 0.39195728302001953, 0.38976773619651794, 0.3873652517795563, 0.3852352499961853, 0.3842862546443939, 0.38197270035743713, 0.3801845610141754, 0.3788006603717804, 0.37694406509399414, 0.37379729747772217, 0.3723217844963074, 0.3698570132255554, 0.36776071786880493, 0.3658158481121063, 0.3644111156463623, 0.36296990513801575, 0.3613984286785126, 0.3592454493045807, 0.35774219036102295, 0.35551637411117554, 0.35432738065719604, 0.35252249240875244, 0.35153186321258545, 0.35013723373413086, 0.34835267066955566, 0.3477613925933838, 0.346855103969574, 0.3468811810016632, 0.345351904630661, 0.345457524061203, 0.34492701292037964, 0.3456498384475708, 0.3451802134513855, 0.3443051874637604, 0.3452114462852478, 0.34418028593063354, 0.34500521421432495, 0.34477829933166504, 0.3450312316417694, 0.34480777382850647, 0.3441642224788666, 0.34461694955825806, 0.34397420287132263, 0.344988077878952, 0.3444167673587799, 0.34526118636131287, 0.34464946389198303, 0.34507986903190613, 0.3449328541755676, 0.34518590569496155, 0.34480270743370056, 0.3447875380516052, 0.34540149569511414]}"
Neural Network,NN_32-16,0.01,0.8925233483314514,0.8913043737411499,0.8695651888847351,0.8962536023054755,0.9125,0.9012345679012346,0.9040697674418605,0.9012345679012346,0.8795180722891566,0.9001447178002895,0.906832298136646,0.8902439024390244,"{'accuracy': [0.5607476830482483, 0.7601246237754822, 0.7990654110908508, 0.8146417737007141, 0.8208722472190857, 0.8302180767059326, 0.8426791429519653, 0.8489096760749817, 0.8489096760749817, 0.8504672646522522, 0.8473520278930664, 0.8457943797111511, 0.8520249128341675, 0.8504672646522522, 0.8504672646522522, 0.8520249128341675, 0.8520249128341675, 0.855140209197998, 0.8566977977752686, 0.8644859790802002, 0.8644859790802002, 0.8660436272621155, 0.8660436272621155, 0.8660436272621155, 0.8676012754440308, 0.8676012754440308, 0.8691588640213013, 0.8707165122032166, 0.8707165122032166, 0.8722741603851318, 0.8722741603851318, 0.8738317489624023, 0.8738317489624023, 0.8738317489624023, 0.8753893971443176, 0.8738317489624023, 0.8738317489624023, 0.8738317489624023, 0.8753893971443176, 0.8753893971443176, 0.8753893971443176, 0.8769470453262329, 0.8769470453262329, 0.8785046935081482, 0.8800622820854187, 0.8800622820854187, 0.881619930267334, 0.881619930267334, 0.881619930267334, 0.881619930267334, 0.881619930267334, 0.881619930267334, 0.881619930267334, 0.8831775784492493, 0.881619930267334, 0.8831775784492493, 0.8831775784492493, 0.8831775784492493, 0.8831775784492493, 0.8831775784492493, 0.8831775784492493, 0.8831775784492493, 0.8831775784492493, 0.8831775784492493, 0.8831775784492493, 0.8831775784492493, 0.8831775784492493, 0.8847352266311646, 0.8847352266311646, 0.8847352266311646, 0.8847352266311646, 0.8847352266311646, 0.8847352266311646, 0.8862928152084351, 0.8847352266311646, 0.8862928152084351, 0.8847352266311646, 0.8862928152084351, 0.8862928152084351, 0.8862928152084351, 0.8862928152084351, 0.8862928152084351, 0.8862928152084351, 0.8862928152084351, 0.8862928152084351, 0.8862928152084351, 0.8862928152084351, 0.8862928152084351, 0.8862928152084351, 0.8862928152084351, 0.8847352266311646, 0.8847352266311646, 0.8847352266311646, 0.8847352266311646, 0.8847352266311646, 0.8847352266311646, 0.8862928152084351, 0.8847352266311646, 0.8862928152084351, 0.8878504633903503], 'loss': [1.0760345458984375, 0.9646615982055664, 0.8812151551246643, 0.807748019695282, 0.7432923316955566, 0.6879437565803528, 0.6436811089515686, 0.6109457612037659, 0.585495114326477, 0.5645559430122375, 0.546771228313446, 0.5312022566795349, 0.5172722935676575, 0.5048695206642151, 0.4935486316680908, 0.48365408182144165, 0.47471314668655396, 0.46656814217567444, 0.4591885507106781, 0.4522804915904999, 0.4460163116455078, 0.44022268056869507, 0.4348701536655426, 0.4299350082874298, 0.4253167510032654, 0.42097920179367065, 0.41710659861564636, 0.41333824396133423, 0.4098324775695801, 0.40657028555870056, 0.4034346342086792, 0.40058284997940063, 0.397770494222641, 0.39513713121414185, 0.3927001655101776, 0.3905479311943054, 0.3883048892021179, 0.38619476556777954, 0.384227991104126, 0.38228437304496765, 0.3804158866405487, 0.3786658048629761, 0.3769083023071289, 0.3753056526184082, 0.37365275621414185, 0.37207508087158203, 0.37042945623397827, 0.36905524134635925, 0.36748626828193665, 0.36611685156822205, 0.36480021476745605, 0.3635745346546173, 0.3623853921890259, 0.36125895380973816, 0.3601895570755005, 0.35907694697380066, 0.3581928610801697, 0.35710349678993225, 0.3561994135379791, 0.3553104102611542, 0.3543306291103363, 0.3534970283508301, 0.35252121090888977, 0.35173532366752625, 0.3508165776729584, 0.3501041829586029, 0.3493030369281769, 0.3484855592250824, 0.34765997529029846, 0.34696730971336365, 0.3462070822715759, 0.3454923629760742, 0.34468016028404236, 0.3440447747707367, 0.3433744013309479, 0.34268853068351746, 0.3420048654079437, 0.3414021134376526, 0.34071996808052063, 0.3401293456554413, 0.33958789706230164, 0.3388857841491699, 0.33834677934646606, 0.3377278745174408, 0.3372038006782532, 0.33671969175338745, 0.3358873128890991, 0.3356103301048279, 0.3349001705646515, 0.33445146679878235, 0.3340170681476593, 0.3333618640899658, 0.332965612411499, 0.33243346214294434, 0.33207693696022034, 0.33160120248794556, 0.33109813928604126, 0.33067452907562256, 0.33033838868141174, 0.3297095000743866], 'val_accuracy': [0.6811594367027283, 0.7681159377098083, 0.8260869383811951, 0.8550724387168884, 0.8478260636329651, 0.8478260636329651, 0.8478260636329651, 0.8478260636329651, 0.8550724387168884, 0.8550724387168884, 0.8478260636329651, 0.8478260636329651, 0.8478260636329651, 0.8478260636329651, 0.8478260636329651, 0.8405796885490417, 0.8405796885490417, 0.8405796885490417, 0.8405796885490417, 0.8405796885490417, 0.8405796885490417, 0.8405796885490417, 0.8405796885490417, 0.8478260636329651, 0.8550724387168884, 0.8550724387168884, 0.8550724387168884, 0.8550724387168884, 0.8550724387168884, 0.8550724387168884, 0.8550724387168884, 0.8550724387168884, 0.8550724387168884, 0.8623188138008118, 0.8623188138008118, 0.8623188138008118, 0.8623188138008118, 0.8623188138008118, 0.8623188138008118, 0.8623188138008118, 0.8623188138008118, 0.8623188138008118, 0.8623188138008118, 0.8623188138008118, 0.8623188138008118, 0.8623188138008118, 0.8623188138008118, 0.8623188138008118, 0.8695651888847351, 0.8695651888847351, 0.8695651888847351, 0.8695651888847351, 0.8695651888847351, 0.8695651888847351, 0.8768116235733032, 0.8768116235733032, 0.8768116235733032, 0.8768116235733032, 0.8768116235733032, 0.8768116235733032, 0.8768116235733032, 0.8768116235733032, 0.8768116235733032, 0.8768116235733032, 0.8768116235733032, 0.8768116235733032, 0.8768116235733032, 0.8768116235733032, 0.8768116235733032, 0.8768116235733032, 0.8768116235733032, 0.8768116235733032, 0.8840579986572266, 0.8840579986572266, 0.8840579986572266, 0.8840579986572266, 0.8840579986572266, 0.8840579986572266, 0.8840579986572266, 0.8913043737411499, 0.8840579986572266, 0.8840579986572266, 0.8913043737411499, 0.8913043737411499, 0.8913043737411499, 0.8913043737411499, 0.8913043737411499, 0.8913043737411499, 0.8913043737411499, 0.8913043737411499, 0.8913043737411499, 0.8913043737411499, 0.8913043737411499, 0.8913043737411499, 0.8913043737411499, 0.8913043737411499, 0.8913043737411499, 0.8913043737411499, 0.8913043737411499, 0.8913043737411499], 'val_loss': [1.0126371383666992, 0.9121792912483215, 0.8285654783248901, 0.7548667788505554, 0.6929532885551453, 0.6457567811012268, 0.612870991230011, 0.5886980891227722, 0.5694066286087036, 0.5533722043037415, 0.5397807955741882, 0.5263444781303406, 0.5149884819984436, 0.5036429762840271, 0.49436846375465393, 0.4855732023715973, 0.47791141271591187, 0.4703581929206848, 0.46332067251205444, 0.4572717249393463, 0.45109596848487854, 0.44594183564186096, 0.4411976635456085, 0.4364219903945923, 0.43177977204322815, 0.42803308367729187, 0.42424896359443665, 0.42020657658576965, 0.41691458225250244, 0.4139752984046936, 0.4108209013938904, 0.4076945185661316, 0.40468987822532654, 0.40183937549591064, 0.39995306730270386, 0.3977193832397461, 0.39526963233947754, 0.39361393451690674, 0.39185354113578796, 0.3897300958633423, 0.38827693462371826, 0.3863131105899811, 0.38513416051864624, 0.38320642709732056, 0.381407231092453, 0.3800537586212158, 0.37890103459358215, 0.3771129548549652, 0.37580418586730957, 0.3747091591358185, 0.3732302784919739, 0.3725965619087219, 0.3714366853237152, 0.37001463770866394, 0.3693332374095917, 0.36850494146347046, 0.3673974275588989, 0.3667469024658203, 0.36584335565567017, 0.364842027425766, 0.36450380086898804, 0.36352381110191345, 0.3629046380519867, 0.3625563383102417, 0.36231204867362976, 0.3618561923503876, 0.3611273169517517, 0.36059150099754333, 0.3604973554611206, 0.35982704162597656, 0.3589710295200348, 0.35865795612335205, 0.3588418960571289, 0.3580935597419739, 0.35773414373397827, 0.3569064438343048, 0.3566822111606598, 0.35671380162239075, 0.35598352551460266, 0.3564026653766632, 0.35554829239845276, 0.3553410470485687, 0.3551950454711914, 0.3547824025154114, 0.354369193315506, 0.353172242641449, 0.35395547747612, 0.35277602076530457, 0.353085458278656, 0.3525358736515045, 0.351818323135376, 0.35140514373779297, 0.3512757122516632, 0.35119932889938354, 0.3507058024406433, 0.3503945469856262, 0.3502729535102844, 0.3497161567211151, 0.3491184115409851, 0.34884849190711975]}"
Neural Network,NN_32-16,0.1,0.8489096760749817,0.8405796885490417,0.8550724387168884,0.8518518518518519,0.9041095890410958,0.9090909090909091,0.8691860465116279,0.8148148148148148,0.8433734939759037,0.860431654676259,0.8571428571428571,0.875,"{'accuracy': [0.5623052716255188, 0.7165108919143677, 0.777258574962616, 0.7975077629089355, 0.8115264773368835, 0.8208722472190857, 0.822429895401001, 0.8255451917648315, 0.8239875435829163, 0.8255451917648315, 0.8333333134651184, 0.8317757248878479, 0.8395638465881348, 0.8380062580108643, 0.8473520278930664, 0.8457943797111511, 0.8489096760749817, 0.8489096760749817, 0.8457943797111511, 0.8442367315292358, 0.8442367315292358, 0.8442367315292358, 0.8442367315292358, 0.8442367315292358, 0.8426791429519653, 0.8426791429519653, 0.8426791429519653, 0.8426791429519653, 0.84112149477005, 0.84112149477005, 0.8426791429519653, 0.8426791429519653, 0.8426791429519653, 0.8426791429519653, 0.8426791429519653, 0.8426791429519653, 0.8426791429519653, 0.8442367315292358, 0.8442367315292358, 0.8442367315292358, 0.8426791429519653, 0.8426791429519653, 0.8426791429519653, 0.84112149477005, 0.8426791429519653, 0.8442367315292358, 0.8442367315292358, 0.8442367315292358, 0.8442367315292358, 0.8442367315292358, 0.8442367315292358, 0.8426791429519653, 0.8426791429519653, 0.8426791429519653, 0.8426791429519653, 0.84112149477005, 0.84112149477005, 0.84112149477005, 0.84112149477005, 0.84112149477005, 0.8426791429519653, 0.8426791429519653, 0.8426791429519653, 0.8426791429519653, 0.8426791429519653, 0.8426791429519653, 0.8426791429519653, 0.8426791429519653, 0.8426791429519653, 0.8426791429519653, 0.8426791429519653, 0.8426791429519653, 0.8426791429519653, 0.8426791429519653, 0.8426791429519653, 0.8426791429519653, 0.8426791429519653, 0.8426791429519653, 0.8426791429519653, 0.8426791429519653, 0.8442367315292358, 0.8442367315292358, 0.8442367315292358, 0.8442367315292358, 0.8442367315292358, 0.8457943797111511, 0.8457943797111511, 0.8457943797111511, 0.8457943797111511, 0.8457943797111511, 0.8457943797111511, 0.8457943797111511, 0.8457943797111511, 0.8457943797111511, 0.8457943797111511, 0.8457943797111511, 0.8457943797111511, 0.8457943797111511, 0.8457943797111511, 0.8457943797111511], 'loss': [4.751346588134766, 4.075833797454834, 3.5074615478515625, 3.0254359245300293, 2.616703987121582, 2.269871711730957, 1.97468101978302, 1.724684715270996, 1.514817714691162, 1.3387141227722168, 1.191008448600769, 1.067821741104126, 0.9654761552810669, 0.8811944723129272, 0.8118700385093689, 0.7549569010734558, 0.7085868120193481, 0.6708256602287292, 0.6401656270027161, 0.6151984333992004, 0.5948851704597473, 0.5783671140670776, 0.5648918747901917, 0.5538170337677002, 0.5446640849113464, 0.5371111035346985, 0.5307818651199341, 0.5254504084587097, 0.5209020972251892, 0.5169796347618103, 0.5135715007781982, 0.5105590224266052, 0.5079441666603088, 0.5055694580078125, 0.5034005045890808, 0.5013978481292725, 0.4995605945587158, 0.497827410697937, 0.49621671438217163, 0.4946730136871338, 0.4932202398777008, 0.4918462336063385, 0.4905276596546173, 0.489292711019516, 0.4880940616130829, 0.4869396984577179, 0.4858478307723999, 0.484796404838562, 0.48377975821495056, 0.4828072786331177, 0.4818398654460907, 0.4809132516384125, 0.4800375699996948, 0.47917142510414124, 0.47831037640571594, 0.47749215364456177, 0.4766956567764282, 0.47587838768959045, 0.475105881690979, 0.47431376576423645, 0.4735783040523529, 0.472843199968338, 0.4721359312534332, 0.4714500308036804, 0.4707757234573364, 0.4701197147369385, 0.4694898724555969, 0.46883586049079895, 0.46823641657829285, 0.4676295518875122, 0.46704167127609253, 0.4664456248283386, 0.46588239073753357, 0.4653335511684418, 0.46478670835494995, 0.4642530381679535, 0.46373674273490906, 0.463222861289978, 0.46272343397140503, 0.46222978830337524, 0.46173983812332153, 0.46126681566238403, 0.46079641580581665, 0.4603418707847595, 0.4598871171474457, 0.45943915843963623, 0.45900076627731323, 0.45856693387031555, 0.4581390619277954, 0.4577162265777588, 0.4573086202144623, 0.4568992555141449, 0.45649510622024536, 0.45610031485557556, 0.455709308385849, 0.45532160997390747, 0.4549383223056793, 0.4545653760433197, 0.4541946351528168, 0.453829288482666], 'val_accuracy': [0.6884058117866516, 0.760869562625885, 0.7753623127937317, 0.7898550629615784, 0.804347813129425, 0.8188405632972717, 0.8115941882133484, 0.8260869383811951, 0.8333333134651184, 0.8405796885490417, 0.8405796885490417, 0.8405796885490417, 0.8333333134651184, 0.8333333134651184, 0.8478260636329651, 0.8550724387168884, 0.8478260636329651, 0.8550724387168884, 0.8550724387168884, 0.8550724387168884, 0.8550724387168884, 0.8550724387168884, 0.8478260636329651, 0.8478260636329651, 0.8478260636329651, 0.8478260636329651, 0.8478260636329651, 0.8478260636329651, 0.8478260636329651, 0.8478260636329651, 0.8405796885490417, 0.8405796885490417, 0.8405796885490417, 0.8405796885490417, 0.8405796885490417, 0.8405796885490417, 0.8405796885490417, 0.8405796885490417, 0.8405796885490417, 0.8405796885490417, 0.8405796885490417, 0.8405796885490417, 0.8405796885490417, 0.8405796885490417, 0.8405796885490417, 0.8405796885490417, 0.8405796885490417, 0.8405796885490417, 0.8405796885490417, 0.8405796885490417, 0.8405796885490417, 0.8405796885490417, 0.8405796885490417, 0.8405796885490417, 0.8405796885490417, 0.8405796885490417, 0.8405796885490417, 0.8405796885490417, 0.8405796885490417, 0.8405796885490417, 0.8405796885490417, 0.8405796885490417, 0.8405796885490417, 0.8405796885490417, 0.8405796885490417, 0.8405796885490417, 0.8405796885490417, 0.8405796885490417, 0.8405796885490417, 0.8405796885490417, 0.8405796885490417, 0.8405796885490417, 0.8405796885490417, 0.8405796885490417, 0.8405796885490417, 0.8405796885490417, 0.8405796885490417, 0.8405796885490417, 0.8405796885490417, 0.8405796885490417, 0.8405796885490417, 0.8405796885490417, 0.8405796885490417, 0.8405796885490417, 0.8405796885490417, 0.8405796885490417, 0.8405796885490417, 0.8405796885490417, 0.8405796885490417, 0.8405796885490417, 0.8405796885490417, 0.8405796885490417, 0.8405796885490417, 0.8405796885490417, 0.8405796885490417, 0.8405796885490417, 0.8405796885490417, 0.8405796885490417, 0.8405796885490417, 0.8405796885490417], 'val_loss': [4.345559597015381, 3.74004864692688, 3.2248427867889404, 2.786714792251587, 2.414759635925293, 2.0987613201141357, 1.8295460939407349, 1.6020445823669434, 1.410131812095642, 1.248793601989746, 1.1147286891937256, 1.0032492876052856, 0.9110367894172668, 0.8350595235824585, 0.7729863524436951, 0.7227339148521423, 0.6818093061447144, 0.6487147212028503, 0.6218006014823914, 0.5999869108200073, 0.5822529792785645, 0.5676302909851074, 0.5556772351264954, 0.5459982752799988, 0.5382084250450134, 0.5315589308738708, 0.5259929299354553, 0.5213804244995117, 0.5173996090888977, 0.5139845609664917, 0.5109855532646179, 0.5084561109542847, 0.5061336755752563, 0.5039623379707336, 0.50185626745224, 0.5000151991844177, 0.49824729561805725, 0.49671459197998047, 0.49521011114120483, 0.49382057785987854, 0.49254077672958374, 0.4912012219429016, 0.4900585114955902, 0.4888668358325958, 0.4877259135246277, 0.48664772510528564, 0.4855726957321167, 0.484616756439209, 0.48378312587738037, 0.482815682888031, 0.4818842113018036, 0.4811018705368042, 0.4803146719932556, 0.4794880449771881, 0.47871851921081543, 0.47804757952690125, 0.4772931635379791, 0.4767593741416931, 0.4760417640209198, 0.47542604804039, 0.4747338891029358, 0.4740770757198334, 0.4734174311161041, 0.4727562665939331, 0.4721646010875702, 0.4716992676258087, 0.47108200192451477, 0.4705808460712433, 0.4699711501598358, 0.4694996178150177, 0.4689095616340637, 0.4684171676635742, 0.4678933620452881, 0.467373788356781, 0.46688058972358704, 0.4664071202278137, 0.4659481346607208, 0.4654828906059265, 0.4650598466396332, 0.4646128714084625, 0.46420159935951233, 0.4637605547904968, 0.4633482098579407, 0.4629388451576233, 0.46251142024993896, 0.462139368057251, 0.4617255926132202, 0.461351215839386, 0.46094128489494324, 0.46057334542274475, 0.4601944088935852, 0.45982152223587036, 0.4594614505767822, 0.45910027623176575, 0.4587439000606537, 0.45838722586631775, 0.4580531418323517, 0.4577144682407379, 0.4573941230773926, 0.4570747911930084]}"
Neural Network,NN_32-16,0.5,0.5358255505561829,0.5869565010070801,0.6014492511749268,0.5358255451713395,0.5869565217391305,0.6014492753623188,1.0,1.0,1.0,0.6977687626774848,0.7397260273972602,0.751131221719457,"{'accuracy': [0.5716511011123657, 0.6090342402458191, 0.6292834877967834, 0.6479750871658325, 0.6339563727378845, 0.6573208570480347, 0.6495327353477478, 0.6417445540428162, 0.6339563727378845, 0.6308411359786987, 0.6261682510375977, 0.6261682510375977, 0.6261682510375977, 0.6199377179145813, 0.604361355304718, 0.5747663378715515, 0.5529595017433167, 0.5389407873153687, 0.5358255505561829, 0.5358255505561829, 0.5358255505561829, 0.5358255505561829, 0.5358255505561829, 0.5358255505561829, 0.5358255505561829, 0.5358255505561829, 0.5358255505561829, 0.5358255505561829, 0.5358255505561829, 0.5358255505561829, 0.5358255505561829, 0.5358255505561829, 0.5358255505561829, 0.5358255505561829, 0.5358255505561829, 0.5358255505561829, 0.5358255505561829, 0.5358255505561829, 0.5358255505561829, 0.5358255505561829, 0.5358255505561829, 0.5358255505561829, 0.5358255505561829, 0.5358255505561829, 0.5358255505561829, 0.5358255505561829, 0.5358255505561829, 0.5358255505561829, 0.5358255505561829, 0.5358255505561829, 0.5358255505561829, 0.5358255505561829, 0.5358255505561829, 0.5358255505561829, 0.5358255505561829, 0.5358255505561829, 0.5358255505561829, 0.5358255505561829, 0.5358255505561829, 0.5358255505561829, 0.5358255505561829, 0.5358255505561829, 0.5358255505561829, 0.5358255505561829, 0.5358255505561829, 0.5358255505561829, 0.5358255505561829, 0.5358255505561829, 0.5358255505561829, 0.5358255505561829, 0.5358255505561829, 0.5358255505561829, 0.5358255505561829], 'loss': [19.039546966552734, 15.889121055603027, 13.228400230407715, 11.003750801086426, 9.15053939819336, 7.60941743850708, 6.330636024475098, 5.272246360778809, 4.3985700607299805, 3.679438352584839, 3.0894978046417236, 2.6072092056274414, 2.2145156860351562, 1.8967787027359009, 1.6408909559249878, 1.4357492923736572, 1.2721376419067383, 1.1423287391662598, 1.0398192405700684, 0.9589768648147583, 0.8959248661994934, 0.8469458818435669, 0.8091071248054504, 0.7800245881080627, 0.7577788829803467, 0.7408432364463806, 0.7280141711235046, 0.7183428406715393, 0.7110883593559265, 0.705673098564148, 0.7016499638557434, 0.698674738407135, 0.696484386920929, 0.6948786973953247, 0.6937063932418823, 0.6928539872169495, 0.6922364830970764, 0.6917906403541565, 0.6914700269699097, 0.6912399530410767, 0.6910756230354309, 0.6909583806991577, 0.6908749341964722, 0.6908156871795654, 0.6907738447189331, 0.690744161605835, 0.6907232403755188, 0.6907085180282593, 0.6906982064247131, 0.6906908750534058, 0.6906858682632446, 0.6906824707984924, 0.6906799674034119, 0.6906782984733582, 0.6906772255897522, 0.6906763315200806, 0.6906759142875671, 0.6906756162643433, 0.6906753778457642, 0.6906753778457642, 0.6906753778457642, 0.6906753778457642, 0.6906754374504089, 0.6906756162643433, 0.6906756162643433, 0.690675675868988, 0.6906759142875671, 0.6906760334968567, 0.6906761527061462, 0.6906762719154358, 0.6906765103340149, 0.6906766295433044, 0.6906768679618835], 'val_accuracy': [0.5652173757553101, 0.6086956262588501, 0.6811594367027283, 0.6811594367027283, 0.7101449370384216, 0.717391312122345, 0.7028985619544983, 0.7028985619544983, 0.695652186870575, 0.7028985619544983, 0.7028985619544983, 0.7028985619544983, 0.695652186870575, 0.6739130616188049, 0.6666666865348816, 0.6159420013427734, 0.6159420013427734, 0.5869565010070801, 0.5869565010070801, 0.5869565010070801, 0.5869565010070801, 0.5869565010070801, 0.5869565010070801, 0.5869565010070801, 0.5869565010070801, 0.5869565010070801, 0.5869565010070801, 0.5869565010070801, 0.5869565010070801, 0.5869565010070801, 0.5869565010070801, 0.5869565010070801, 0.5869565010070801, 0.5869565010070801, 0.5869565010070801, 0.5869565010070801, 0.5869565010070801, 0.5869565010070801, 0.5869565010070801, 0.5869565010070801, 0.5869565010070801, 0.5869565010070801, 0.5869565010070801, 0.5869565010070801, 0.5869565010070801, 0.5869565010070801, 0.5869565010070801, 0.5869565010070801, 0.5869565010070801, 0.5869565010070801, 0.5869565010070801, 0.5869565010070801, 0.5869565010070801, 0.5869565010070801, 0.5869565010070801, 0.5869565010070801, 0.5869565010070801, 0.5869565010070801, 0.5869565010070801, 0.5869565010070801, 0.5869565010070801, 0.5869565010070801, 0.5869565010070801, 0.5869565010070801, 0.5869565010070801, 0.5869565010070801, 0.5869565010070801, 0.5869565010070801, 0.5869565010070801, 0.5869565010070801, 0.5869565010070801, 0.5869565010070801, 0.5869565010070801], 'val_loss': [17.238624572753906, 14.3594970703125, 11.946050643920898, 9.933472633361816, 8.258829116821289, 6.868288516998291, 5.716342926025391, 4.764410972595215, 3.9798765182495117, 3.3350613117218018, 2.806901454925537, 2.375833749771118, 2.026156187057495, 1.743928074836731, 1.5170165300369263, 1.3354555368423462, 1.191064715385437, 1.0768077373504639, 0.9867457747459412, 0.9161790609359741, 0.8610814213752747, 0.8184280395507812, 0.78557288646698, 0.7603968977928162, 0.7411895394325256, 0.7266079187393188, 0.7155917882919312, 0.7073100805282593, 0.7011134624481201, 0.6964990496635437, 0.6930782794952393, 0.6905540227890015, 0.6886982917785645, 0.6873394250869751, 0.6863483190536499, 0.6856279373168945, 0.685106098651886, 0.6847289204597473, 0.6844571828842163, 0.6842617988586426, 0.6841214299201965, 0.6840207576751709, 0.6839486360549927, 0.6838968992233276, 0.683859646320343, 0.6838329434394836, 0.6838138103485107, 0.6837998628616333, 0.6837896704673767, 0.6837824583053589, 0.6837769150733948, 0.6837730407714844, 0.6837700009346008, 0.6837678551673889, 0.6837661862373352, 0.6837648749351501, 0.6837641000747681, 0.6837634444236755, 0.6837629675865173, 0.6837624907493591, 0.6837623119354248, 0.6837621927261353, 0.6837621331214905, 0.6837621927261353, 0.6837621927261353, 0.6837623715400696, 0.6837626099586487, 0.6837626695632935, 0.6837629079818726, 0.6837630867958069, 0.6837633848190308, 0.6837636828422546, 0.6837639808654785]}"
Neural Network,NN_64-32-16,0.0,0.9361370801925659,0.8768116235733032,0.8913043737411499,0.9442815249266863,0.9324324324324325,0.925,0.936046511627907,0.8518518518518519,0.891566265060241,0.9401459854014599,0.8903225806451613,0.9079754601226994,"{'accuracy': [0.6869158744812012, 0.8084112405776978, 0.8302180767059326, 0.8520249128341675, 0.8535825610160828, 0.8582554459571838, 0.8629283308982849, 0.8660436272621155, 0.8691588640213013, 0.8753893971443176, 0.881619930267334, 0.881619930267334, 0.8878504633903503, 0.8878504633903503, 0.8940809965133667, 0.895638644695282, 0.9003115296363831, 0.9049844145774841, 0.9112149477005005, 0.9174454808235168, 0.9190031290054321, 0.9190031290054321, 0.9221183657646179, 0.9221183657646179, 0.9283488988876343, 0.9314641952514648, 0.9330217838287354, 0.9330217838287354, 0.9330217838287354, 0.9361370801925659, 0.9361370801925659, 0.9392523169517517, 0.9423676133155823, 0.9423676133155823, 0.940809965133667, 0.9439252614974976, 0.9439252614974976, 0.9454828500747681], 'loss': [0.6388262510299683, 0.526124894618988, 0.43508097529411316, 0.3795696198940277, 0.35173019766807556, 0.3352029323577881, 0.3233059346675873, 0.3125975430011749, 0.30360594391822815, 0.29558801651000977, 0.28807660937309265, 0.2804585099220276, 0.27409300208091736, 0.26792556047439575, 0.26183393597602844, 0.2561708986759186, 0.25086912512779236, 0.2455216944217682, 0.2401742935180664, 0.23504135012626648, 0.2298223376274109, 0.22517411410808563, 0.22005301713943481, 0.21510575711727142, 0.20993386209011078, 0.20515306293964386, 0.200031578540802, 0.19504933059215546, 0.18963177502155304, 0.18437890708446503, 0.1798471361398697, 0.1745394468307495, 0.16950973868370056, 0.1644653081893921, 0.15979070961475372, 0.15493394434452057, 0.1494956761598587, 0.14435803890228271], 'val_accuracy': [0.7971014380455017, 0.8188405632972717, 0.8623188138008118, 0.8623188138008118, 0.8550724387168884, 0.8550724387168884, 0.8623188138008118, 0.8623188138008118, 0.8623188138008118, 0.8695651888847351, 0.8623188138008118, 0.8623188138008118, 0.8623188138008118, 0.8623188138008118, 0.8623188138008118, 0.8623188138008118, 0.8623188138008118, 0.8695651888847351, 0.8695651888847351, 0.8695651888847351, 0.8623188138008118, 0.8550724387168884, 0.8695651888847351, 0.8695651888847351, 0.8695651888847351, 0.8695651888847351, 0.8768116235733032, 0.8768116235733032, 0.8768116235733032, 0.8840579986572266, 0.8768116235733032, 0.8695651888847351, 0.8768116235733032, 0.8695651888847351, 0.8623188138008118, 0.8695651888847351, 0.8768116235733032, 0.8695651888847351], 'val_loss': [0.5565487146377563, 0.44006940722465515, 0.3764165937900543, 0.3495793044567108, 0.34446603059768677, 0.34496772289276123, 0.342594712972641, 0.3387432098388672, 0.3358551561832428, 0.33250296115875244, 0.3262578845024109, 0.3233813941478729, 0.3186785876750946, 0.315369576215744, 0.3117867708206177, 0.31133541464805603, 0.30956435203552246, 0.3060574531555176, 0.3055468797683716, 0.3038038909435272, 0.3061903417110443, 0.30534839630126953, 0.3048159182071686, 0.3031301498413086, 0.3025749921798706, 0.30468955636024475, 0.30366817116737366, 0.3009738326072693, 0.3017224073410034, 0.3018152415752411, 0.30316999554634094, 0.30123430490493774, 0.3021884560585022, 0.3040352165699005, 0.30903372168540955, 0.3049301505088806, 0.3081308603286743, 0.3081987798213959]}"
Neural Network,NN_64-32-16,0.0001,0.9174454808235168,0.8550724387168884,0.8695651888847351,0.9145299145299145,0.8961038961038961,0.9012345679012346,0.9331395348837209,0.8518518518518519,0.8795180722891566,0.9237410071942446,0.8734177215189873,0.8902439024390244,"{'accuracy': [0.5529595017433167, 0.8177570104598999, 0.8489096760749817, 0.8489096760749817, 0.8473520278930664, 0.8535825610160828, 0.8676012754440308, 0.8738317489624023, 0.8785046935081482, 0.8831775784492493, 0.8831775784492493, 0.8862928152084351, 0.8878504633903503, 0.8925233483314514, 0.8925233483314514, 0.895638644695282, 0.8971962332725525, 0.8987538814544678, 0.9018691778182983, 0.9049844145774841, 0.9096572995185852, 0.9096572995185852, 0.9112149477005005, 0.9127725958824158, 0.9158878326416016, 0.914330244064331, 0.9190031290054321, 0.9205607771873474, 0.926791250705719, 0.9314641952514648, 0.9314641952514648, 0.9361370801925659], 'loss': [0.6969445943832397, 0.5576902627944946, 0.4449176788330078, 0.38042858242988586, 0.35600417852401733, 0.3426356911659241, 0.33123114705085754, 0.3211684823036194, 0.3125861883163452, 0.30538156628608704, 0.298318475484848, 0.29231080412864685, 0.2866732180118561, 0.2811296284198761, 0.27537035942077637, 0.2705993056297302, 0.2654743492603302, 0.2608310878276825, 0.25567182898521423, 0.251086950302124, 0.24661262333393097, 0.24216409027576447, 0.2367672324180603, 0.2331925332546234, 0.22910276055335999, 0.22470912337303162, 0.22025954723358154, 0.2157817780971527, 0.21167786419391632, 0.20693689584732056, 0.20251624286174774, 0.1985490322113037], 'val_accuracy': [0.804347813129425, 0.8405796885490417, 0.8768116235733032, 0.8478260636329651, 0.8405796885490417, 0.8478260636329651, 0.8550724387168884, 0.8550724387168884, 0.8550724387168884, 0.8550724387168884, 0.8478260636329651, 0.8550724387168884, 0.8623188138008118, 0.8623188138008118, 0.8550724387168884, 0.8623188138008118, 0.8478260636329651, 0.8623188138008118, 0.8623188138008118, 0.8623188138008118, 0.8623188138008118, 0.8550724387168884, 0.8623188138008118, 0.8623188138008118, 0.8623188138008118, 0.8623188138008118, 0.8695651888847351, 0.8695651888847351, 0.8695651888847351, 0.8695651888847351, 0.8768116235733032, 0.8768116235733032], 'val_loss': [0.6008208394050598, 0.46813666820526123, 0.3776085376739502, 0.3479386568069458, 0.3426579236984253, 0.3343043625354767, 0.32515278458595276, 0.32093194127082825, 0.3171948790550232, 0.31206467747688293, 0.31001225113868713, 0.3071077764034271, 0.30551815032958984, 0.30380305647850037, 0.3038248121738434, 0.30124861001968384, 0.3040428161621094, 0.3024928569793701, 0.30296626687049866, 0.30235350131988525, 0.3034195899963379, 0.2993067800998688, 0.30337685346603394, 0.3040296137332916, 0.3035280704498291, 0.30315300822257996, 0.30065059661865234, 0.3040893077850342, 0.3033648133277893, 0.3058844208717346, 0.3066186308860779, 0.3097009062767029]}"
Neural Network,NN_64-32-16,0.001,0.9190031290054321,0.8768116235733032,0.8695651888847351,0.9244186046511628,0.9210526315789473,0.9113924050632911,0.9244186046511628,0.8641975308641975,0.8674698795180723,0.9244186046511628,0.89171974522293,0.8888888888888888,"{'accuracy': [0.6479750871658325, 0.7990654110908508, 0.8426791429519653, 0.855140209197998, 0.8520249128341675, 0.8582554459571838, 0.8660436272621155, 0.8753893971443176, 0.8769470453262329, 0.8800622820854187, 0.8862928152084351, 0.8862928152084351, 0.8894081115722656, 0.8925233483314514, 0.8940809965133667, 0.8971962332725525, 0.9003115296363831, 0.9034267663955688, 0.9034267663955688, 0.9034267663955688, 0.9034267663955688, 0.9049844145774841, 0.9065420627593994, 0.9096572995185852, 0.9112149477005005, 0.9174454808235168, 0.9205607771873474, 0.9205607771873474, 0.9205607771873474, 0.9236760139465332, 0.9252336621284485, 0.926791250705719, 0.926791250705719, 0.9283488988876343, 0.9299065470695496, 0.9283488988876343, 0.9314641952514648, 0.9314641952514648, 0.9330217838287354, 0.9345794320106506], 'loss': [0.7544305920600891, 0.6456307172775269, 0.5515508651733398, 0.48185625672340393, 0.4430718421936035, 0.42238643765449524, 0.4074372947216034, 0.3951529264450073, 0.3844112157821655, 0.3759515881538391, 0.3683812618255615, 0.3617560565471649, 0.3557211756706238, 0.35003772377967834, 0.3444868326187134, 0.3395022749900818, 0.33456331491470337, 0.33028504252433777, 0.32573261857032776, 0.32161465287208557, 0.31715747714042664, 0.3133879005908966, 0.3095240592956543, 0.30564191937446594, 0.30203938484191895, 0.2981679439544678, 0.2945742607116699, 0.2908577620983124, 0.2872830033302307, 0.28382405638694763, 0.28036919236183167, 0.2766933739185333, 0.2732492983341217, 0.2699127197265625, 0.26675137877464294, 0.26367342472076416, 0.2601185142993927, 0.25679245591163635, 0.2534756362438202, 0.2499377280473709], 'val_accuracy': [0.7971014380455017, 0.7898550629615784, 0.8260869383811951, 0.8260869383811951, 0.8405796885490417, 0.8405796885490417, 0.8333333134651184, 0.8478260636329651, 0.8478260636329651, 0.8478260636329651, 0.8550724387168884, 0.8550724387168884, 0.8478260636329651, 0.8623188138008118, 0.8623188138008118, 0.8623188138008118, 0.8550724387168884, 0.8623188138008118, 0.8623188138008118, 0.8623188138008118, 0.8695651888847351, 0.8695651888847351, 0.8695651888847351, 0.8695651888847351, 0.8768116235733032, 0.8768116235733032, 0.8768116235733032, 0.8768116235733032, 0.8768116235733032, 0.8768116235733032, 0.8768116235733032, 0.8768116235733032, 0.8768116235733032, 0.8768116235733032, 0.8768116235733032, 0.8768116235733032, 0.8768116235733032, 0.8768116235733032, 0.8913043737411499, 0.8840579986572266], 'val_loss': [0.6850298643112183, 0.5952483415603638, 0.521902322769165, 0.4717758893966675, 0.45524606108665466, 0.4428768455982208, 0.434888631105423, 0.42772623896598816, 0.4218037724494934, 0.41510817408561707, 0.41039013862609863, 0.4054790139198303, 0.40161269903182983, 0.3974367082118988, 0.3945581316947937, 0.3911016285419464, 0.3892206847667694, 0.3853021562099457, 0.3821927309036255, 0.37981757521629333, 0.377905011177063, 0.37617141008377075, 0.3737873136997223, 0.37317222356796265, 0.3722262680530548, 0.3712339401245117, 0.3713957667350769, 0.37035614252090454, 0.37140312790870667, 0.3702962398529053, 0.370859295129776, 0.37163662910461426, 0.3725488781929016, 0.3748736083507538, 0.37592509388923645, 0.37786173820495605, 0.3793817460536957, 0.3801839053630829, 0.3834978938102722, 0.383474200963974]}"
Neural Network,NN_64-32-16,0.01,0.895638644695282,0.8913043737411499,0.8623188138008118,0.906158357771261,0.9342105263157895,0.9,0.8982558139534884,0.8765432098765432,0.8674698795180723,0.9021897810218978,0.9044585987261147,0.8834355828220859,"{'accuracy': [0.7087227702140808, 0.8146417737007141, 0.84112149477005, 0.8473520278930664, 0.855140209197998, 0.8489096760749817, 0.8535825610160828, 0.8520249128341675, 0.8535825610160828, 0.8535825610160828, 0.8582554459571838, 0.8598130941390991, 0.8660436272621155, 0.8660436272621155, 0.8691588640213013, 0.8722741603851318, 0.8722741603851318, 0.8769470453262329, 0.8769470453262329, 0.8785046935081482, 0.8785046935081482, 0.8785046935081482, 0.8769470453262329, 0.8769470453262329, 0.8738317489624023, 0.8738317489624023, 0.8738317489624023, 0.8738317489624023, 0.8769470453262329, 0.8769470453262329, 0.8785046935081482, 0.8785046935081482, 0.8785046935081482, 0.8800622820854187, 0.8800622820854187, 0.881619930267334, 0.8800622820854187, 0.8831775784492493, 0.8800622820854187, 0.8847352266311646, 0.881619930267334, 0.8862928152084351, 0.8847352266311646, 0.8847352266311646, 0.8862928152084351, 0.8862928152084351, 0.8847352266311646, 0.8847352266311646, 0.8862928152084351, 0.8878504633903503, 0.8878504633903503, 0.8894081115722656, 0.8894081115722656, 0.8894081115722656, 0.8894081115722656, 0.8894081115722656, 0.8894081115722656, 0.8894081115722656, 0.8894081115722656, 0.8894081115722656, 0.8894081115722656, 0.8878504633903503, 0.8878504633903503, 0.8878504633903503, 0.8894081115722656, 0.8894081115722656, 0.8894081115722656, 0.8909657597541809, 0.8909657597541809, 0.8909657597541809, 0.8909657597541809, 0.8909657597541809, 0.8894081115722656, 0.8894081115722656, 0.8894081115722656, 0.8894081115722656, 0.8909657597541809, 0.8909657597541809, 0.8909657597541809, 0.8909657597541809, 0.8909657597541809, 0.8909657597541809, 0.8909657597541809, 0.8909657597541809, 0.8909657597541809, 0.8909657597541809, 0.8909657597541809, 0.8909657597541809, 0.8909657597541809, 0.8909657597541809, 0.8909657597541809, 0.8909657597541809, 0.8940809965133667, 0.895638644695282, 0.895638644695282, 0.895638644695282, 0.895638644695282, 0.895638644695282, 0.895638644695282, 0.895638644695282], 'loss': [1.4383872747421265, 1.2192928791046143, 1.0526901483535767, 0.9371621012687683, 0.8539490699768066, 0.7876003980636597, 0.7326981425285339, 0.6860698461532593, 0.6466473937034607, 0.6131664514541626, 0.5847539901733398, 0.5607095956802368, 0.5399946570396423, 0.5222842693328857, 0.5070939064025879, 0.49409374594688416, 0.48274725675582886, 0.4729144275188446, 0.4643855094909668, 0.4567611515522003, 0.4499526023864746, 0.4437977969646454, 0.4385276138782501, 0.4337376058101654, 0.4291471540927887, 0.4248758852481842, 0.4213850498199463, 0.417777955532074, 0.4149515926837921, 0.4116103947162628, 0.4094063341617584, 0.40652742981910706, 0.40457919239997864, 0.4018174409866333, 0.4005187451839447, 0.3979508578777313, 0.396597683429718, 0.39444223046302795, 0.39353489875793457, 0.3911365270614624, 0.3904343247413635, 0.38830694556236267, 0.3872755467891693, 0.38551461696624756, 0.3849515914916992, 0.38295191526412964, 0.38234588503837585, 0.3809376060962677, 0.3796670138835907, 0.3791612386703491, 0.3778727948665619, 0.376675546169281, 0.3755102753639221, 0.3749452829360962, 0.37386268377304077, 0.37288564443588257, 0.3717968761920929, 0.3712639808654785, 0.3703271746635437, 0.36917802691459656, 0.3688276410102844, 0.36760029196739197, 0.3669501543045044, 0.3662414848804474, 0.36535921692848206, 0.36462679505348206, 0.3638555109500885, 0.3631107807159424, 0.3624936044216156, 0.361869752407074, 0.3612123131752014, 0.3604489266872406, 0.35973629355430603, 0.35902124643325806, 0.35842740535736084, 0.3578029274940491, 0.35735514760017395, 0.35646626353263855, 0.35609322786331177, 0.35545554757118225, 0.3547818660736084, 0.35426464676856995, 0.3534720540046692, 0.35324496030807495, 0.3524911403656006, 0.3520973324775696, 0.3513123691082001, 0.3508015275001526, 0.3503694236278534, 0.3498130440711975, 0.34918320178985596, 0.3486853539943695, 0.348210871219635, 0.34783899784088135, 0.34737300872802734, 0.3467139005661011, 0.3461093604564667, 0.3457670509815216, 0.3450230062007904, 0.34459346532821655], 'val_accuracy': [0.7971014380455017, 0.804347813129425, 0.8260869383811951, 0.8260869383811951, 0.8333333134651184, 0.8405796885490417, 0.8478260636329651, 0.8478260636329651, 0.8478260636329651, 0.8478260636329651, 0.8405796885490417, 0.8478260636329651, 0.8478260636329651, 0.8478260636329651, 0.8550724387168884, 0.8550724387168884, 0.8550724387168884, 0.8550724387168884, 0.8550724387168884, 0.8550724387168884, 0.8550724387168884, 0.8550724387168884, 0.8550724387168884, 0.8550724387168884, 0.8550724387168884, 0.8623188138008118, 0.8623188138008118, 0.8623188138008118, 0.8695651888847351, 0.8695651888847351, 0.8695651888847351, 0.8695651888847351, 0.8695651888847351, 0.8695651888847351, 0.8695651888847351, 0.8695651888847351, 0.8695651888847351, 0.8768116235733032, 0.8695651888847351, 0.8768116235733032, 0.8768116235733032, 0.8768116235733032, 0.8768116235733032, 0.8768116235733032, 0.8768116235733032, 0.8768116235733032, 0.8768116235733032, 0.8768116235733032, 0.8768116235733032, 0.8840579986572266, 0.8840579986572266, 0.8768116235733032, 0.8768116235733032, 0.8768116235733032, 0.8768116235733032, 0.8768116235733032, 0.8768116235733032, 0.8768116235733032, 0.8840579986572266, 0.8840579986572266, 0.8840579986572266, 0.8913043737411499, 0.8840579986572266, 0.8913043737411499, 0.8913043737411499, 0.8913043737411499, 0.8913043737411499, 0.8913043737411499, 0.8913043737411499, 0.8913043737411499, 0.8913043737411499, 0.8913043737411499, 0.8913043737411499, 0.8913043737411499, 0.8913043737411499, 0.8913043737411499, 0.8913043737411499, 0.8913043737411499, 0.8913043737411499, 0.8913043737411499, 0.8913043737411499, 0.8913043737411499, 0.8913043737411499, 0.8913043737411499, 0.8913043737411499, 0.8913043737411499, 0.8913043737411499, 0.8913043737411499, 0.8913043737411499, 0.8913043737411499, 0.8913043737411499, 0.8913043737411499, 0.8913043737411499, 0.8913043737411499, 0.8913043737411499, 0.8913043737411499, 0.8913043737411499, 0.8840579986572266, 0.8840579986572266, 0.8840579986572266], 'val_loss': [1.2999178171157837, 1.1105986833572388, 0.9786090850830078, 0.8905200362205505, 0.8232282400131226, 0.7671731114387512, 0.7189600467681885, 0.6777217984199524, 0.6424170732498169, 0.6122369766235352, 0.5871380567550659, 0.5646942853927612, 0.5458940863609314, 0.529593825340271, 0.5147503018379211, 0.5018169283866882, 0.4906979501247406, 0.4813777506351471, 0.4722854495048523, 0.46446681022644043, 0.4569365978240967, 0.4509792625904083, 0.4455440938472748, 0.4404512047767639, 0.4351428747177124, 0.4317905008792877, 0.42759230732917786, 0.4252157211303711, 0.42106300592422485, 0.4200567603111267, 0.4156140685081482, 0.4148502051830292, 0.41092073917388916, 0.4109712541103363, 0.40739384293556213, 0.4067968428134918, 0.4040398895740509, 0.4043162763118744, 0.4011560082435608, 0.40142014622688293, 0.3990301191806793, 0.3988620936870575, 0.3974176347255707, 0.3984161913394928, 0.3957776129245758, 0.39666181802749634, 0.3953547179698944, 0.3939794600009918, 0.39518651366233826, 0.3936031758785248, 0.39254283905029297, 0.39175885915756226, 0.3923666775226593, 0.39139193296432495, 0.3911907970905304, 0.3897606134414673, 0.3915118873119354, 0.39009445905685425, 0.38963794708251953, 0.39010846614837646, 0.3889208734035492, 0.3887037932872772, 0.388712614774704, 0.3879152238368988, 0.38779014348983765, 0.38746052980422974, 0.38723093271255493, 0.3865478038787842, 0.3870665729045868, 0.38625383377075195, 0.3861280381679535, 0.38520675897598267, 0.3854251503944397, 0.3851185142993927, 0.3857726454734802, 0.38558781147003174, 0.38481923937797546, 0.38505658507347107, 0.38461023569107056, 0.38501912355422974, 0.38437420129776, 0.38447311520576477, 0.38435375690460205, 0.38467925786972046, 0.38366836309432983, 0.38449063897132874, 0.3834425210952759, 0.3838041424751282, 0.3840620219707489, 0.3837808668613434, 0.38356834650039673, 0.3835366368293762, 0.3834169805049896, 0.3836181163787842, 0.3835773766040802, 0.38400182127952576, 0.3831593692302704, 0.3839437663555145, 0.3836771547794342, 0.38410431146621704]}"
Neural Network,NN_64-32-16,0.1,0.8457943797111511,0.8478260636329651,0.8405796885490417,0.8571428571428571,0.9166666666666666,0.9066666666666666,0.8546511627906976,0.8148148148148148,0.8192771084337349,0.8558951965065502,0.8627450980392157,0.8607594936708861,"{'accuracy': [0.5467289686203003, 0.7071651220321655, 0.7476635575294495, 0.7850467562675476, 0.7943925261497498, 0.8099688291549683, 0.8068535923957825, 0.8130841255187988, 0.8255451917648315, 0.8333333134651184, 0.84112149477005, 0.84112149477005, 0.8426791429519653, 0.8426791429519653, 0.8426791429519653, 0.8426791429519653, 0.8442367315292358, 0.8426791429519653, 0.8426791429519653, 0.8426791429519653, 0.8426791429519653, 0.84112149477005, 0.84112149477005, 0.84112149477005, 0.8426791429519653, 0.8426791429519653, 0.8442367315292358, 0.8457943797111511, 0.8457943797111511, 0.8457943797111511, 0.8457943797111511, 0.8457943797111511, 0.8457943797111511, 0.8426791429519653, 0.8426791429519653, 0.8426791429519653, 0.8426791429519653, 0.8426791429519653, 0.8442367315292358, 0.8442367315292358, 0.8442367315292358, 0.8442367315292358, 0.8442367315292358, 0.8442367315292358, 0.8442367315292358, 0.8442367315292358, 0.8442367315292358, 0.8442367315292358, 0.8442367315292358, 0.8442367315292358, 0.8442367315292358, 0.8457943797111511, 0.8457943797111511, 0.8457943797111511, 0.8457943797111511, 0.8457943797111511, 0.8457943797111511, 0.8457943797111511, 0.8457943797111511, 0.8457943797111511, 0.8473520278930664, 0.8473520278930664, 0.8473520278930664, 0.8473520278930664, 0.8473520278930664, 0.8473520278930664, 0.8473520278930664, 0.8457943797111511, 0.8457943797111511, 0.8457943797111511, 0.8457943797111511, 0.8457943797111511, 0.8473520278930664, 0.8473520278930664, 0.8473520278930664, 0.8473520278930664, 0.8473520278930664, 0.8473520278930664, 0.8473520278930664, 0.8473520278930664, 0.8473520278930664, 0.8473520278930664, 0.8473520278930664, 0.8473520278930664, 0.8473520278930664, 0.8473520278930664, 0.8473520278930664, 0.8473520278930664, 0.8473520278930664, 0.8473520278930664, 0.8473520278930664, 0.8473520278930664, 0.8457943797111511, 0.8457943797111511, 0.8457943797111511, 0.8457943797111511, 0.8457943797111511, 0.8457943797111511, 0.8457943797111511, 0.8457943797111511], 'loss': [8.472960472106934, 6.803781032562256, 5.462765216827393, 4.397639274597168, 3.5562028884887695, 2.893676280975342, 2.3744258880615234, 1.9694746732711792, 1.6549900770187378, 1.4115574359893799, 1.2238045930862427, 1.07931387424469, 0.9685161113739014, 0.883622407913208, 0.8184671998023987, 0.7684836387634277, 0.73006671667099, 0.7004424333572388, 0.6774439811706543, 0.6595819592475891, 0.6454896330833435, 0.6342893838882446, 0.6252980828285217, 0.6180000305175781, 0.6119807958602905, 0.60687255859375, 0.6025117039680481, 0.5987884402275085, 0.5954559445381165, 0.5925664901733398, 0.589929461479187, 0.5875568985939026, 0.5854026079177856, 0.5833854079246521, 0.5814698338508606, 0.5796822905540466, 0.5780113935470581, 0.5764134526252747, 0.574929416179657, 0.5734670162200928, 0.5720458626747131, 0.5706843733787537, 0.5693992376327515, 0.5682020783424377, 0.5669505000114441, 0.5657837390899658, 0.5646748542785645, 0.563605546951294, 0.5625548362731934, 0.5615226030349731, 0.5605148077011108, 0.5595749020576477, 0.5586322546005249, 0.5577124953269958, 0.5568151473999023, 0.5559309720993042, 0.5550812482833862, 0.5542670488357544, 0.5534440279006958, 0.5526331067085266, 0.5518640279769897, 0.5510988831520081, 0.5503526329994202, 0.5496130585670471, 0.5488936305046082, 0.5481798648834229, 0.5474949479103088, 0.5468176007270813, 0.5461573004722595, 0.5455025434494019, 0.5448651909828186, 0.5442295074462891, 0.5435916781425476, 0.5429903864860535, 0.5423896312713623, 0.541792631149292, 0.5412161350250244, 0.5406501293182373, 0.5400888323783875, 0.5395368933677673, 0.5389884114265442, 0.5384461283683777, 0.5379226803779602, 0.5374017953872681, 0.5368850827217102, 0.5363683104515076, 0.5358662009239197, 0.535366415977478, 0.5348720550537109, 0.5343882441520691, 0.5339165925979614, 0.5334465503692627, 0.5329812169075012, 0.5325261950492859, 0.5320733189582825, 0.5316215753555298, 0.5311862826347351, 0.5307527780532837, 0.530318021774292, 0.5298892855644226], 'val_accuracy': [0.6884058117866516, 0.760869562625885, 0.8115941882133484, 0.8115941882133484, 0.804347813129425, 0.804347813129425, 0.7971014380455017, 0.804347813129425, 0.8188405632972717, 0.8115941882133484, 0.8188405632972717, 0.8260869383811951, 0.8260869383811951, 0.8260869383811951, 0.8405796885490417, 0.8333333134651184, 0.8260869383811951, 0.8260869383811951, 0.8333333134651184, 0.8333333134651184, 0.8405796885490417, 0.8478260636329651, 0.8478260636329651, 0.8478260636329651, 0.8478260636329651, 0.8478260636329651, 0.8478260636329651, 0.8478260636329651, 0.8478260636329651, 0.8478260636329651, 0.8478260636329651, 0.8478260636329651, 0.8478260636329651, 0.8478260636329651, 0.8478260636329651, 0.8405796885490417, 0.8405796885490417, 0.8405796885490417, 0.8405796885490417, 0.8405796885490417, 0.8405796885490417, 0.8478260636329651, 0.8478260636329651, 0.8478260636329651, 0.8478260636329651, 0.8478260636329651, 0.8478260636329651, 0.8478260636329651, 0.8478260636329651, 0.8478260636329651, 0.8478260636329651, 0.8478260636329651, 0.8478260636329651, 0.8478260636329651, 0.8478260636329651, 0.8478260636329651, 0.8478260636329651, 0.8478260636329651, 0.8478260636329651, 0.8478260636329651, 0.8478260636329651, 0.8478260636329651, 0.8478260636329651, 0.8478260636329651, 0.8478260636329651, 0.8478260636329651, 0.8478260636329651, 0.8478260636329651, 0.8478260636329651, 0.8478260636329651, 0.8478260636329651, 0.8478260636329651, 0.8478260636329651, 0.8478260636329651, 0.8478260636329651, 0.8478260636329651, 0.8478260636329651, 0.8478260636329651, 0.8478260636329651, 0.8478260636329651, 0.8478260636329651, 0.8478260636329651, 0.8478260636329651, 0.8478260636329651, 0.8478260636329651, 0.8478260636329651, 0.8478260636329651, 0.8478260636329651, 0.8478260636329651, 0.8478260636329651, 0.8478260636329651, 0.8478260636329651, 0.8478260636329651, 0.8478260636329651, 0.8478260636329651, 0.8478260636329651, 0.8478260636329651, 0.8478260636329651, 0.8478260636329651, 0.8478260636329651], 'val_loss': [7.489758491516113, 6.013030529022217, 4.8328375816345215, 3.899458408355713, 3.162181854248047, 2.5825953483581543, 2.1291110515594482, 1.7767468690872192, 1.5033595561981201, 1.292415738105774, 1.129838466644287, 1.005088210105896, 0.909686267375946, 0.8366089463233948, 0.7807300686836243, 0.7379800081253052, 0.7053124904632568, 0.6800429821014404, 0.6606753468513489, 0.6454492211341858, 0.6334215998649597, 0.6239633560180664, 0.6164928078651428, 0.6103813052177429, 0.6052231788635254, 0.6008381247520447, 0.5972644686698914, 0.5939741730690002, 0.5912841558456421, 0.5888186693191528, 0.5866818428039551, 0.5848618745803833, 0.5830089449882507, 0.5812227129936218, 0.5796480774879456, 0.5781230330467224, 0.5767025351524353, 0.575613260269165, 0.5743719935417175, 0.573065996170044, 0.5718518495559692, 0.5707919597625732, 0.5700251460075378, 0.5688073039054871, 0.567788302898407, 0.5668350458145142, 0.5658926963806152, 0.5649324059486389, 0.5640144348144531, 0.5630674958229065, 0.5622800588607788, 0.5614161491394043, 0.56060391664505, 0.5597675442695618, 0.5589266419410706, 0.5581616759300232, 0.5574445128440857, 0.556627094745636, 0.5558461546897888, 0.5551891326904297, 0.5545182824134827, 0.5538766980171204, 0.5531778335571289, 0.5525068044662476, 0.5518069267272949, 0.5511831641197205, 0.5505474805831909, 0.5499412417411804, 0.5493273138999939, 0.5487356185913086, 0.5481280088424683, 0.5474879145622253, 0.5469517111778259, 0.5463901162147522, 0.5458133220672607, 0.5452873706817627, 0.5447801351547241, 0.5442553758621216, 0.5437574982643127, 0.5432420372962952, 0.5427384972572327, 0.5422732830047607, 0.5418015122413635, 0.5413258671760559, 0.5408352017402649, 0.5403667688369751, 0.5398961305618286, 0.5394179821014404, 0.5389745235443115, 0.5385459065437317, 0.5381145477294922, 0.5376795530319214, 0.5372552871704102, 0.5368315577507019, 0.5364052057266235, 0.5360126495361328, 0.5356165170669556, 0.5352009534835815, 0.5347986221313477, 0.5344130396842957]}"
Neural Network,NN_64-32-16,0.5,0.5358255505561829,0.5869565010070801,0.6014492511749268,0.5358255451713395,0.5869565217391305,0.6014492753623188,1.0,1.0,1.0,0.6977687626774848,0.7397260273972602,0.751131221719457,"{'accuracy': [0.5280373692512512, 0.6121495366096497, 0.7118380069732666, 0.7274143099784851, 0.7009345889091492, 0.672897219657898, 0.6246106028556824, 0.5482866168022156, 0.5358255505561829, 0.5358255505561829, 0.5358255505561829, 0.5358255505561829, 0.5358255505561829, 0.5358255505561829, 0.5358255505561829, 0.5358255505561829, 0.5358255505561829, 0.5358255505561829, 0.5358255505561829, 0.5358255505561829, 0.5358255505561829, 0.5358255505561829, 0.5358255505561829, 0.5358255505561829, 0.5358255505561829, 0.5358255505561829, 0.5358255505561829, 0.5358255505561829, 0.5358255505561829, 0.5358255505561829, 0.5358255505561829, 0.5358255505561829, 0.5358255505561829, 0.5358255505561829, 0.5358255505561829, 0.5358255505561829, 0.5358255505561829, 0.5358255505561829, 0.5358255505561829, 0.5358255505561829, 0.5358255505561829, 0.5358255505561829, 0.5358255505561829, 0.5358255505561829, 0.5358255505561829, 0.5358255505561829, 0.5358255505561829, 0.5358255505561829, 0.5358255505561829, 0.5358255505561829, 0.5358255505561829, 0.5358255505561829, 0.5358255505561829, 0.5358255505561829, 0.5358255505561829, 0.5358255505561829, 0.5358255505561829, 0.5358255505561829, 0.5358255505561829, 0.5358255505561829, 0.5358255505561829, 0.5358255505561829, 0.5358255505561829], 'loss': [40.922401428222656, 32.42304992675781, 25.570741653442383, 20.1207332611084, 15.805493354797363, 12.399474143981934, 9.721002578735352, 7.623970985412598, 5.99019193649292, 4.723706245422363, 3.7468888759613037, 2.997243881225586, 2.4247512817382812, 1.9895881414413452, 1.6602767705917358, 1.4121142625808716, 1.2258363962173462, 1.0865103006362915, 0.9826428890228271, 0.9054449200630188, 0.848224401473999, 0.8059223890304565, 0.7747339606285095, 0.7517966032028198, 0.73497074842453, 0.7226618528366089, 0.7136837840080261, 0.7071560621261597, 0.7024260759353638, 0.6990118622779846, 0.6965572834014893, 0.6948004961013794, 0.6935490369796753, 0.6926620602607727, 0.6920368075370789, 0.6915989518165588, 0.6912817358970642, 0.6910706162452698, 0.6909253597259521, 0.6908259987831116, 0.6907585859298706, 0.6907132267951965, 0.6906828880310059, 0.690662682056427, 0.6906492710113525, 0.6906406283378601, 0.6906349062919617, 0.6906312704086304, 0.6906290650367737, 0.6906276345252991, 0.6906268000602722, 0.6906262040138245, 0.6906258463859558, 0.6906257271766663, 0.6906256675720215, 0.6906256079673767, 0.6906256675720215, 0.6906256675720215, 0.6906256079673767, 0.6906256079673767, 0.690625786781311, 0.6906258463859558, 0.6906259059906006], 'val_accuracy': [0.5289855003356934, 0.6666666865348816, 0.739130437374115, 0.7536231875419617, 0.760869562625885, 0.7246376872062683, 0.6521739363670349, 0.5869565010070801, 0.5869565010070801, 0.5869565010070801, 0.5869565010070801, 0.5869565010070801, 0.5869565010070801, 0.5869565010070801, 0.5869565010070801, 0.5869565010070801, 0.5869565010070801, 0.5869565010070801, 0.5869565010070801, 0.5869565010070801, 0.5869565010070801, 0.5869565010070801, 0.5869565010070801, 0.5869565010070801, 0.5869565010070801, 0.5869565010070801, 0.5869565010070801, 0.5869565010070801, 0.5869565010070801, 0.5869565010070801, 0.5869565010070801, 0.5869565010070801, 0.5869565010070801, 0.5869565010070801, 0.5869565010070801, 0.5869565010070801, 0.5869565010070801, 0.5869565010070801, 0.5869565010070801, 0.5869565010070801, 0.5869565010070801, 0.5869565010070801, 0.5869565010070801, 0.5869565010070801, 0.5869565010070801, 0.5869565010070801, 0.5869565010070801, 0.5869565010070801, 0.5869565010070801, 0.5869565010070801, 0.5869565010070801, 0.5869565010070801, 0.5869565010070801, 0.5869565010070801, 0.5869565010070801, 0.5869565010070801, 0.5869565010070801, 0.5869565010070801, 0.5869565010070801, 0.5869565010070801, 0.5869565010070801, 0.5869565010070801, 0.5869565010070801], 'val_loss': [36.00687026977539, 28.434906005859375, 22.39116096496582, 17.598947525024414, 13.81164836883545, 10.828161239624023, 8.487650871276855, 6.660114765167236, 5.240355014801025, 4.142923355102539, 3.298842191696167, 2.652841567993164, 2.160855293273926, 1.7878679037094116, 1.5063070058822632, 1.2946243286132812, 1.136056661605835, 1.0177043676376343, 0.9296274781227112, 0.864263117313385, 0.8158944845199585, 0.7802041172981262, 0.7539317607879639, 0.734641969203949, 0.7205181121826172, 0.7102067470550537, 0.7027022838592529, 0.6972594857215881, 0.6933269500732422, 0.6904973387718201, 0.6884706616401672, 0.6870259642601013, 0.6860015988349915, 0.6852794289588928, 0.6847735047340393, 0.684389054775238, 0.6841511130332947, 0.6839884519577026, 0.6838775873184204, 0.6838026642799377, 0.6837525367736816, 0.6837193369865417, 0.6836975812911987, 0.6836832761764526, 0.6836742162704468, 0.6836684346199036, 0.6836649179458618, 0.6836627721786499, 0.6836615204811096, 0.6836607456207275, 0.6836603879928589, 0.6836604475975037, 0.6836602091789246, 0.6836603879928589, 0.6836603879928589, 0.6836605072021484, 0.6836606860160828, 0.6836607456207275, 0.6836609840393066, 0.6836610436439514, 0.6836612820625305, 0.6836612820625305, 0.6836614012718201]}"
